Start,Stop,Proximity,Session,RSSI
2020-07-13 16:32,2020-07-13 16:32,30388,0,-83
2020-07-13 16:36,2020-07-13 16:36,30388,0,-81
2020-07-13 16:36,2020-07-13 16:37,30389,72,-31
2020-07-13 16:36,2020-07-13 16:37,30386,66,-46
2020-07-13 16:38,2020-07-13 16:38,30388,3,44
2020-07-13 16:38,2020-07-13 16:39,30389,6,4
2020-07-13 16:40,2020-07-13 16:40,30386,0,-84
2020-07-13 16:41,2020-07-13 16:41,30388,0,-82
2020-07-13 16:42,2020-07-13 16:42,30386,18,-31
2020-07-13 16:45,2020-07-13 16:48,30386,190,-70
2020-07-13 16:48,2020-07-13 16:49,30388,9,6
2020-07-13 16:50,2020-07-13 16:50,30386,3,54
2020-07-13 16:53,2020-07-13 16:53,30388,0,-81
2020-07-13 16:58,2020-07-13 16:59,30388,81,-42
2020-07-13 17:00,2020-07-13 17:00,30386,33,2
2020-07-13 17:02,2020-07-13 17:02,30386,0,-82
2020-07-13 17:05,2020-07-13 17:06,30388,33,-29
2020-07-13 17:05,2020-07-13 17:06,30391,27,43
2020-07-13 17:07,2020-07-13 17:09,30386,162,-68
2020-07-13 17:09,2020-07-13 17:09,30388,0,-85
2020-07-13 17:12,2020-07-13 17:13,30388,63,-47
2020-07-13 17:21,2020-07-13 17:22,30386,45,-20
2020-07-13 17:22,2020-07-13 17:22,30388,0,-75
2020-07-13 17:23,2020-07-13 17:24,30386,30,-50
2020-07-13 17:26,2020-07-13 17:26,30386,0,-83
2020-07-13 17:34,2020-07-13 17:34,30388,5,48
2020-07-13 17:37,2020-07-13 17:37,30388,15,2
2020-07-13 17:37,2020-07-13 17:38,30387,46,-40
2020-07-13 17:37,2020-07-13 17:38,30386,39,-18
2020-07-13 17:41,2020-07-13 17:41,30386,0,-80
2020-07-13 17:41,2020-07-13 17:42,30388,21,-31
2020-07-13 17:46,2020-07-13 17:46,30386,0,-83
2020-07-13 17:47,2020-07-13 17:48,30389,57,-18
2020-07-13 17:48,2020-07-13 17:48,30386,27,43
2020-07-13 17:49,2020-07-13 17:49,30387,10,-14
2020-07-13 17:50,2020-07-13 17:51,30386,21,-51
2020-07-13 17:51,2020-07-13 17:51,30389,12,-18
2020-07-13 17:51,2020-07-13 17:53,30387,121,-68
2020-07-13 17:51,2020-07-13 17:53,30388,114,-45
2020-07-13 17:52,2020-07-13 17:52,30386,27,-55
2020-07-13 17:54,2020-07-13 17:55,30389,61,-31
2020-07-13 18:06,2020-07-13 18:06,30386,0,-83
2020-07-13 18:07,2020-07-13 18:09,30387,72,-61
2020-07-13 18:12,2020-07-13 18:12,30389,24,-38
2020-07-13 18:13,2020-07-13 18:13,30385,12,2
2020-07-13 18:13,2020-07-13 18:13,30388,24,-29
2020-07-13 18:14,2020-07-13 18:14,30387,0,-72
2020-07-13 18:13,2020-07-13 18:14,30389,30,-16
2020-07-13 18:14,2020-07-13 18:15,30386,27,-36
2020-07-13 18:19,2020-07-13 18:19,30386,48,-47
2020-07-13 18:24,2020-07-13 18:24,30385,0,-78
2020-07-13 18:25,2020-07-13 18:25,30389,6,46
2020-07-13 18:25,2020-07-13 18:26,30388,3,45
2020-07-13 18:26,2020-07-13 18:26,30386,12,-26
2020-07-13 18:28,2020-07-13 18:28,30386,9,46
2020-07-13 18:29,2020-07-13 18:29,30387,0,-82
2020-07-13 18:30,2020-07-13 18:30,30386,0,-78
2020-07-13 18:30,2020-07-13 18:31,30388,15,-18
2020-07-13 18:32,2020-07-13 18:33,30387,73,-48
2020-07-13 18:32,2020-07-13 18:33,30385,48,4
2020-07-13 18:36,2020-07-13 18:36,30385,18,-21
2020-07-13 18:37,2020-07-13 18:37,30388,0,-73
2020-07-13 18:38,2020-07-13 18:38,30387,0,-79
2020-07-13 18:38,2020-07-13 18:38,30385,0,-82
2020-07-13 18:42,2020-07-13 18:42,30389,6,48
2020-07-13 18:42,2020-07-13 18:42,30388,0,-83
2020-07-13 18:41,2020-07-13 18:44,30387,209,-61
2020-07-13 18:44,2020-07-13 18:44,30385,33,-47
2020-07-13 18:46,2020-07-13 18:46,30385,30,6
2020-07-13 18:46,2020-07-13 18:49,30386,175,-70
2020-07-13 18:52,2020-07-13 18:52,30387,0,-85
2020-07-13 18:52,2020-07-13 18:52,30388,0,-81
2020-07-13 19:03,2020-07-13 19:04,30389,66,-74
2020-07-13 19:04,2020-07-13 19:04,30386,36,-50
2020-07-13 19:06,2020-07-13 19:06,30386,0,-84
2020-07-13 19:08,2020-07-13 19:08,30385,3,44
2020-07-13 19:09,2020-07-13 19:12,30386,165,-70
2020-07-13 19:14,2020-07-13 19:15,30389,91,-53
2020-07-13 19:16,2020-07-13 19:16,30388,12,4
2020-07-13 19:16,2020-07-13 19:18,30387,122,-60
2020-07-13 19:17,2020-07-13 19:18,30389,69,-36
2020-07-13 19:19,2020-07-13 19:19,30387,28,-56
2020-07-13 19:20,2020-07-13 19:21,30388,36,-20
2020-07-13 19:21,2020-07-13 19:22,30387,60,-63
2020-07-13 19:21,2020-07-13 19:21,30389,0,-84
2020-07-13 19:25,2020-07-13 19:26,30387,30,2
2020-07-13 19:25,2020-07-13 19:26,30388,39,-36
2020-07-13 19:25,2020-07-13 19:26,30385,31,-44
2020-07-13 19:27,2020-07-13 19:27,30387,6,8
2020-07-13 19:29,2020-07-13 19:29,30386,12,4
2020-07-13 19:31,2020-07-13 19:31,30387,42,-35
2020-07-13 19:35,2020-07-13 19:36,30386,24,-47
2020-07-13 19:37,2020-07-13 19:37,30386,0,-82
2020-07-13 19:39,2020-07-13 19:39,30386,6,3
2020-07-13 19:36,2020-07-13 19:41,30387,296,-70
2020-07-13 19:40,2020-07-13 19:41,30386,60,-37
2020-07-13 19:43,2020-07-13 19:43,30385,9,-16
2020-07-13 20:17,2020-07-13 20:17,30390,0,-83
2020-07-13 20:27,2020-07-13 20:27,30388,30,47
2020-07-13 20:34,2020-07-13 20:34,30388,33,-47
2020-07-13 20:37,2020-07-13 20:37,30389,0,-81
2020-07-13 20:41,2020-07-13 20:41,30386,0,-75
2020-07-13 20:41,2020-07-13 20:41,30390,0,-82
2020-07-13 20:53,2020-07-13 20:53,30389,0,-73
2020-07-13 21:01,2020-07-13 21:01,30385,0,-84
2020-07-13 21:06,2020-07-13 21:06,30386,0,-86
2020-07-13 21:16,2020-07-13 21:16,30381,0,-83
2020-07-13 21:18,2020-07-13 21:18,30388,15,-19
2020-07-13 21:19,2020-07-13 21:20,30388,23,-29
2020-07-13 21:21,2020-07-13 21:21,30388,0,-83
2020-07-13 21:26,2020-07-13 21:27,30386,3,44
2020-07-13 21:28,2020-07-13 21:28,30386,0,-83
2020-07-13 21:28,2020-07-13 21:28,30389,0,-83
2020-07-13 21:33,2020-07-13 21:33,30386,0,-80
2020-07-13 21:33,2020-07-13 21:34,30389,51,-43
2020-07-13 21:36,2020-07-13 21:37,30389,39,-31
2020-07-13 21:37,2020-07-13 21:37,30386,15,-28
2020-07-13 21:37,2020-07-13 21:38,30385,39,43
2020-07-13 21:41,2020-07-13 21:41,30385,0,-84
2020-07-13 21:41,2020-07-13 21:41,30390,12,45
2020-07-13 21:42,2020-07-13 21:42,30386,12,43
2020-07-13 21:43,2020-07-13 21:44,30390,42,-18
2020-07-13 22:08,2020-07-13 22:08,30391,3,46
2020-07-13 22:09,2020-07-13 22:09,30390,30,-30
2020-07-13 22:09,2020-07-13 22:09,30388,3,48
2020-07-13 22:18,2020-07-13 22:18,30385,0,-82
2020-07-13 22:18,2020-07-13 22:18,30389,0,-78
2020-07-13 22:29,2020-07-13 22:29,30391,6,44
2020-07-13 22:31,2020-07-13 22:32,30391,54,-21
2020-07-13 22:34,2020-07-13 22:35,30391,53,1
2020-07-13 23:39,2020-07-13 23:39,30387,6,45
2020-07-13 23:39,2020-07-13 23:39,30378,0,-78
2020-07-13 23:39,2020-07-13 23:39,30388,0,-81
2020-07-13 23:41,2020-07-13 23:42,30378,82,-46
2020-07-13 23:41,2020-07-13 23:43,30387,100,1
2020-07-13 23:44,2020-07-13 23:44,30378,42,-26
2020-07-13 23:44,2020-07-13 23:44,30387,0,-79
2020-07-13 23:48,2020-07-13 23:48,30391,0,-87
2020-07-13 23:49,2020-07-13 23:49,30387,0,-84
2020-07-13 23:50,2020-07-13 23:50,30378,0,-83
2020-07-13 23:51,2020-07-13 23:52,30378,30,-43
2020-07-13 23:51,2020-07-13 23:52,30387,66,-54
2020-07-13 23:52,2020-07-13 23:52,30391,15,5
2020-07-13 23:54,2020-07-13 23:54,30378,16,-24
2020-07-13 23:54,2020-07-13 23:54,30387,15,-12
2020-07-13 23:54,2020-07-13 23:55,30391,38,3
2020-07-13 23:56,2020-07-13 23:57,30378,18,-17
2020-07-13 23:58,2020-07-13 23:59,30391,74,-57
2020-07-13 23:59,2020-07-13 23:59,30378,21,-38
2020-07-13 23:59,2020-07-13 23:59,30387,42,-38
2020-07-14 0:03,2020-07-14 0:03,30391,42,-54
2020-07-14 0:03,2020-07-14 0:03,30387,21,4
2020-07-14 0:03,2020-07-14 0:03,30378,28,7
2020-07-14 0:03,2020-07-14 0:04,30390,24,-31
2020-07-14 0:05,2020-07-14 0:05,30378,18,5
2020-07-14 0:06,2020-07-14 0:06,30391,0,-78
2020-07-14 0:06,2020-07-14 0:06,30390,6,14
2020-07-14 0:06,2020-07-14 0:06,30385,0,-83
2020-07-14 0:07,2020-07-14 0:08,30391,46,-52
2020-07-14 0:10,2020-07-14 0:12,30387,100,-39
2020-07-14 0:09,2020-07-14 0:13,30378,234,-71
2020-07-14 0:10,2020-07-14 0:14,30391,257,-66
2020-07-14 0:13,2020-07-14 0:14,30386,49,-45
2020-07-14 0:14,2020-07-14 0:14,30387,0,-85
2020-07-14 0:22,2020-07-14 0:22,30381,0,-83
2020-07-14 0:26,2020-07-14 0:26,30386,0,-85
2020-07-14 0:30,2020-07-14 0:30,30387,0,-81
2020-07-14 0:38,2020-07-14 0:38,30391,21,-26
2020-07-14 0:38,2020-07-14 0:38,30382,0,-85
2020-07-14 0:38,2020-07-14 0:38,30380,0,-84
2020-07-14 0:39,2020-07-14 0:40,30382,41,-20
2020-07-14 0:39,2020-07-14 0:39,30380,0,-81
2020-07-14 0:43,2020-07-14 0:43,30382,0,-81
2020-07-14 0:44,2020-07-14 0:45,30382,62,-61
2020-07-14 0:43,2020-07-14 0:46,30391,154,-69
2020-07-14 0:47,2020-07-14 0:47,30378,6,44
2020-07-14 0:50,2020-07-14 0:50,30385,0,-84
2020-07-14 0:50,2020-07-14 0:50,30389,0,-81
2020-07-14 0:49,2020-07-14 0:51,30386,122,-55
2020-07-14 0:50,2020-07-14 0:52,30387,136,-65
2020-07-14 0:51,2020-07-14 0:52,30391,60,-58
2020-07-14 0:54,2020-07-14 0:54,30387,6,44
2020-07-14 0:55,2020-07-14 0:55,30391,0,-82
2020-07-14 0:55,2020-07-14 0:55,30387,0,-82
2020-07-14 0:55,2020-07-14 0:56,30386,64,-49
2020-07-14 0:57,2020-07-14 0:57,30390,12,-29
2020-07-14 0:57,2020-07-14 0:57,30387,39,2
2020-07-14 0:58,2020-07-14 0:58,30391,27,1
2020-07-14 0:58,2020-07-14 0:58,30390,0,-74
2020-07-14 0:57,2020-07-14 1:01,30386,222,-73
2020-07-14 1:00,2020-07-14 1:01,30390,63,-49
2020-07-14 1:04,2020-07-14 1:04,30387,0,-68
2020-07-14 1:07,2020-07-14 1:08,30386,36,-47
2020-07-14 1:08,2020-07-14 1:08,30390,0,-76
2020-07-14 1:10,2020-07-14 1:10,30387,9,-18
2020-07-14 1:13,2020-07-14 1:14,30387,3,49
2020-07-14 1:22,2020-07-14 1:22,30390,0,-83
2020-07-14 1:26,2020-07-14 1:27,30385,36,-47
2020-07-14 1:27,2020-07-14 1:28,30378,36,1
2020-07-14 1:29,2020-07-14 1:30,30390,39,-13
2020-07-14 1:31,2020-07-14 1:32,30390,42,-19
2020-07-14 1:31,2020-07-14 1:32,30381,18,-38
2020-07-14 1:33,2020-07-14 1:33,30390,3,44
2020-07-14 1:37,2020-07-14 1:38,30381,69,-61
2020-07-14 1:37,2020-07-14 1:38,30390,58,2
2020-07-14 1:39,2020-07-14 1:39,30381,3,57
2020-07-14 1:40,2020-07-14 1:41,30390,93,-66
2020-07-14 1:51,2020-07-14 1:51,30390,6,3
2020-07-14 1:53,2020-07-14 1:54,30388,99,-50
2020-07-14 1:54,2020-07-14 1:55,30390,74,-29
2020-07-14 2:03,2020-07-14 2:03,30381,15,-10
2020-07-14 2:08,2020-07-14 2:10,30387,88,-49
2020-07-14 2:09,2020-07-14 2:12,30381,189,-74
2020-07-14 2:13,2020-07-14 2:13,30381,15,3
2020-07-14 2:15,2020-07-14 2:15,30381,0,-83
2020-07-14 2:18,2020-07-14 2:19,30387,18,-33
2020-07-14 2:20,2020-07-14 2:21,30386,48,-18
2020-07-14 2:10,2020-07-14 2:21,30391,676,-74
2020-07-14 2:20,2020-07-14 2:22,30387,70,-45
2020-07-14 2:23,2020-07-14 2:25,30386,117,-62
2020-07-14 2:24,2020-07-14 2:24,30387,24,4
2020-07-14 2:26,2020-07-14 2:26,30391,0,-85
2020-07-14 2:27,2020-07-14 2:28,30386,87,-41
2020-07-14 2:29,2020-07-14 2:29,30391,30,-52
2020-07-14 2:30,2020-07-14 2:30,30386,6,3
2020-07-14 2:30,2020-07-14 2:32,30391,72,-61
2020-07-14 2:32,2020-07-14 2:33,30386,46,-33
2020-07-14 2:33,2020-07-14 2:33,30388,12,45
2020-07-14 2:37,2020-07-14 2:37,30378,9,5
2020-07-14 2:38,2020-07-14 2:38,30391,3,44
2020-07-14 2:36,2020-07-14 2:38,30388,120,-65
2020-07-14 2:38,2020-07-14 2:40,30387,120,-65
2020-07-14 2:34,2020-07-14 2:42,30386,468,-75
2020-07-14 2:41,2020-07-14 2:42,30388,52,1
2020-07-14 2:42,2020-07-14 2:42,30378,12,5
2020-07-14 2:42,2020-07-14 2:42,30391,0,-81
2020-07-14 2:44,2020-07-14 2:44,30391,30,-49
2020-07-14 2:44,2020-07-14 2:44,30378,0,-87
2020-07-14 2:48,2020-07-14 2:48,30391,13,12
2020-07-14 2:47,2020-07-14 2:49,30378,108,-66
2020-07-14 2:49,2020-07-14 2:51,30391,123,-58
2020-07-14 2:50,2020-07-14 2:51,30385,61,-40
2020-07-14 2:50,2020-07-14 2:51,30378,49,48
2020-07-14 2:53,2020-07-14 2:53,30382,0,-87
2020-07-14 2:55,2020-07-14 2:55,30387,15,-30
2020-07-14 2:56,2020-07-14 2:56,30386,3,43
2020-07-14 2:57,2020-07-14 2:57,30389,0,-79
2020-07-14 3:01,2020-07-14 3:01,30387,27,-38
2020-07-14 3:05,2020-07-14 3:06,30390,64,-64
2020-07-14 3:05,2020-07-14 3:06,30387,49,-54
2020-07-14 3:06,2020-07-14 3:07,30388,66,-40
2020-07-14 3:09,2020-07-14 3:09,30386,0,-79
2020-07-14 3:10,2020-07-14 3:10,30388,0,-82
2020-07-14 3:16,2020-07-14 3:16,30385,0,-84
2020-07-14 3:16,2020-07-14 3:18,30381,127,-65
2020-07-14 3:20,2020-07-14 3:20,30385,3,48
2020-07-14 3:21,2020-07-14 3:23,30385,124,-66
2020-07-14 3:25,2020-07-14 3:25,30385,21,-19
2020-07-14 3:27,2020-07-14 3:27,30385,12,-31
2020-07-14 3:30,2020-07-14 3:30,30385,27,-45
2020-07-14 3:31,2020-07-14 3:32,30382,64,-18
2020-07-14 3:35,2020-07-14 3:36,30386,45,-30
2020-07-14 3:38,2020-07-14 3:40,30386,118,-48
2020-07-14 3:39,2020-07-14 3:39,30385,3,54
2020-07-14 3:42,2020-07-14 3:42,30385,0,-82
2020-07-14 3:55,2020-07-14 3:55,30388,3,47
2020-07-14 4:00,2020-07-14 4:02,30378,123,-52
2020-07-14 4:00,2020-07-14 4:01,30390,27,-17
2020-07-14 4:07,2020-07-14 4:09,30389,136,-64
2020-07-14 4:12,2020-07-14 4:12,30389,12,-28
2020-07-14 4:17,2020-07-14 4:17,30386,0,-85
2020-07-14 4:17,2020-07-14 4:19,30387,85,-55
2020-07-14 4:17,2020-07-14 4:19,30378,102,-61
2020-07-14 4:19,2020-07-14 4:20,30386,40,49
2020-07-14 4:20,2020-07-14 4:21,30390,45,42
2020-07-14 4:22,2020-07-14 4:22,30387,0,-85
2020-07-14 4:23,2020-07-14 4:24,30386,66,-17
2020-07-14 4:24,2020-07-14 4:24,30390,0,-83
2020-07-14 4:26,2020-07-14 4:26,30390,12,-19
2020-07-14 4:27,2020-07-14 4:27,30385,0,-86
2020-07-14 4:27,2020-07-14 4:29,30387,118,-68
2020-07-14 4:27,2020-07-14 4:29,30388,107,-39
2020-07-14 4:31,2020-07-14 4:31,30389,0,-82
2020-07-14 4:32,2020-07-14 4:32,30387,18,5
2020-07-14 4:32,2020-07-14 4:33,30388,34,46
2020-07-14 4:32,2020-07-14 4:33,30389,42,-58
2020-07-14 4:34,2020-07-14 4:34,30388,24,-19
2020-07-14 4:34,2020-07-14 4:34,30387,24,-42
2020-07-14 4:36,2020-07-14 4:36,30388,9,46
2020-07-14 4:37,2020-07-14 4:38,30388,42,45
2020-07-14 4:36,2020-07-14 4:39,30387,223,-68
2020-07-14 4:36,2020-07-14 4:39,30389,215,-71
2020-07-14 4:39,2020-07-14 4:39,30388,3,45
2020-07-14 4:43,2020-07-14 4:43,30389,9,-8
2020-07-14 4:41,2020-07-14 4:44,30387,221,-71
2020-07-14 4:46,2020-07-14 4:46,30387,0,-79
2020-07-14 4:47,2020-07-14 4:48,30387,9,-14
2020-07-14 4:49,2020-07-14 4:49,30387,24,-16
2020-07-14 4:49,2020-07-14 4:49,30386,9,46
2020-07-14 4:51,2020-07-14 4:52,30386,30,-51
2020-07-14 4:53,2020-07-14 4:53,30386,36,-27
2020-07-14 4:46,2020-07-14 4:54,30389,484,-73
2020-07-14 4:55,2020-07-14 4:56,30390,27,-16
2020-07-14 4:57,2020-07-14 4:59,30390,117,-64
2020-07-14 5:02,2020-07-14 5:02,30389,3,55
2020-07-14 5:04,2020-07-14 5:05,30387,97,-62
2020-07-14 5:04,2020-07-14 5:05,30389,87,-41
2020-07-14 5:06,2020-07-14 5:06,30386,0,-83
2020-07-14 5:08,2020-07-14 5:08,30389,18,-20
2020-07-14 5:26,2020-07-14 5:26,30378,0,-87
2020-07-14 5:30,2020-07-14 5:30,30378,12,-13
2020-07-14 5:30,2020-07-14 5:31,30382,66,-64
2020-07-14 5:32,2020-07-14 5:34,30391,114,-64
2020-07-14 5:36,2020-07-14 5:36,30391,0,-82
2020-07-14 5:48,2020-07-14 5:48,30390,7,6
2020-07-14 10:24,2020-07-14 10:29,30386,303,-76
2020-07-14 10:31,2020-07-14 10:31,30386,0,-83
2020-07-14 10:33,2020-07-14 10:33,30386,33,-20
2020-07-14 10:35,2020-07-14 10:39,30386,260,-71
2020-07-14 10:42,2020-07-14 10:42,30386,6,3
2020-07-14 10:44,2020-07-14 10:51,30386,387,-79
2020-07-14 10:55,2020-07-14 10:55,30386,48,-58
2020-07-14 10:58,2020-07-14 11:04,30386,379,-79
2020-07-14 11:06,2020-07-14 11:12,30386,328,-78
2020-07-14 11:13,2020-07-14 11:14,30386,33,-51
2020-07-14 11:15,2020-07-14 11:15,30386,0,-87
2020-07-14 11:16,2020-07-14 11:16,30386,0,-87
2020-07-14 11:24,2020-07-14 11:26,30386,78,-43
2020-07-14 11:27,2020-07-14 11:33,30386,366,-78
2020-07-14 11:56,2020-07-14 11:58,30386,136,-64
2020-07-14 11:59,2020-07-14 11:59,30386,9,46
2020-07-14 12:05,2020-07-14 12:06,30387,76,-19
2020-07-14 12:07,2020-07-14 12:07,30388,6,45
2020-07-14 12:08,2020-07-14 12:09,30387,54,-48
2020-07-14 12:08,2020-07-14 12:09,30388,42,-56
2020-07-14 12:09,2020-07-14 12:12,30391,170,-66
2020-07-14 12:11,2020-07-14 12:12,30387,77,-49
2020-07-14 12:13,2020-07-14 12:13,30380,33,-21
2020-07-14 12:16,2020-07-14 12:17,30387,59,-32
2020-07-14 12:16,2020-07-14 12:19,30380,196,-73
2020-07-14 12:21,2020-07-14 12:21,30380,0,-76
2020-07-14 12:24,2020-07-14 12:24,30391,12,-20
2020-07-14 12:32,2020-07-14 12:34,30378,162,-64
2020-07-14 12:36,2020-07-14 12:42,30378,372,-72
2020-07-14 12:38,2020-07-14 12:45,30381,405,-73
2020-07-14 12:47,2020-07-14 12:49,30381,127,-60
2020-07-14 13:15,2020-07-14 13:15,30391,0,-73
2020-07-14 13:16,2020-07-14 13:16,30387,0,-83
2020-07-14 13:16,2020-07-14 13:17,30388,70,-32
2020-07-14 13:18,2020-07-14 13:18,30381,0,-84
2020-07-14 13:19,2020-07-14 13:20,30391,53,2
2020-07-14 13:21,2020-07-14 13:22,30387,49,47
2020-07-14 13:25,2020-07-14 13:25,30386,3,48
2020-07-14 13:25,2020-07-14 13:25,30390,0,-86
2020-07-14 13:25,2020-07-14 13:26,30385,49,-62
2020-07-14 13:26,2020-07-14 13:26,30380,0,-82
2020-07-14 13:27,2020-07-14 13:27,30381,0,-81
2020-07-14 13:25,2020-07-14 13:28,30387,145,-45
2020-07-14 13:27,2020-07-14 13:27,30386,15,-29
2020-07-14 13:29,2020-07-14 13:29,30386,0,-81
2020-07-14 13:31,2020-07-14 13:32,30386,48,-16
2020-07-14 13:31,2020-07-14 13:31,30381,0,-81
2020-07-14 13:31,2020-07-14 13:32,30378,24,-19
2020-07-14 13:33,2020-07-14 13:33,30386,0,-82
2020-07-14 13:33,2020-07-14 13:34,30381,98,-57
2020-07-14 13:34,2020-07-14 13:34,30387,0,-82
2020-07-14 13:34,2020-07-14 13:34,30386,21,-44
2020-07-14 13:36,2020-07-14 13:37,30386,21,-41
2020-07-14 13:36,2020-07-14 13:37,30391,81,-39
2020-07-14 13:38,2020-07-14 13:39,30391,52,-29
2020-07-14 13:38,2020-07-14 13:41,30387,172,-65
2020-07-14 13:40,2020-07-14 13:41,30391,33,-50
2020-07-14 13:42,2020-07-14 13:45,30391,195,-70
2020-07-14 13:42,2020-07-14 13:46,30387,234,-68
2020-07-14 13:47,2020-07-14 13:47,30387,0,-82
2020-07-14 13:36,2020-07-14 13:49,30381,783,-73
2020-07-14 13:38,2020-07-14 13:49,30386,664,-74
2020-07-14 13:58,2020-07-14 13:58,30387,3,-72
2020-07-14 14:03,2020-07-14 14:03,30387,0,-82
2020-07-14 14:47,2020-07-14 14:47,30391,0,-84
2020-07-14 14:57,2020-07-14 14:57,30391,0,-83
2020-07-14 15:07,2020-07-14 15:07,30381,18,3
2020-07-14 15:09,2020-07-14 15:09,30381,6,14
2020-07-14 15:18,2020-07-14 15:18,30381,0,-63
2020-07-14 15:19,2020-07-14 15:19,30381,15,-28
2020-07-14 15:54,2020-07-14 15:56,30381,125,-60
2020-07-14 15:58,2020-07-14 15:59,30381,69,-50
2020-07-14 16:14,2020-07-14 16:14,30386,3,44
2020-07-14 16:16,2020-07-14 16:16,30386,12,3
2020-07-14 16:37,2020-07-14 16:37,30381,3,57
2020-07-14 16:37,2020-07-14 16:38,30387,75,-50
2020-07-14 16:39,2020-07-14 16:39,30387,0,-75
2020-07-14 16:47,2020-07-14 16:47,30387,0,-84
2020-07-14 16:59,2020-07-14 16:59,30387,21,-13
2020-07-14 17:03,2020-07-14 17:04,30387,18,53
2020-07-14 17:06,2020-07-14 17:06,30387,9,-19
2020-07-14 17:08,2020-07-14 17:09,30381,3,44
2020-07-14 17:09,2020-07-14 17:09,30387,18,53
2020-07-14 17:24,2020-07-14 17:24,30386,0,-73
2020-07-14 17:25,2020-07-14 17:25,30386,9,-13
2020-07-14 17:28,2020-07-14 17:28,30386,0,-81
2020-07-14 17:30,2020-07-14 17:30,30386,0,-75
2020-07-14 17:42,2020-07-14 17:42,30387,16,5
2020-07-14 17:46,2020-07-14 17:47,30387,48,-45
2020-07-14 18:16,2020-07-14 18:16,30387,0,-83
2020-07-14 18:29,2020-07-14 18:29,30387,18,48
2020-07-15 0:45,2020-07-15 0:46,30387,51,-18
2020-07-15 0:47,2020-07-15 0:47,30391,0,-75
2020-07-15 0:54,2020-07-15 0:54,30381,0,-73
2020-07-15 0:55,2020-07-15 0:56,30391,24,-31
2020-07-15 0:56,2020-07-15 0:56,30387,0,-83
2020-07-15 1:02,2020-07-15 1:03,30381,75,-64
2020-07-15 1:05,2020-07-15 1:05,30381,0,-78
2020-07-15 1:05,2020-07-15 1:06,30387,27,-39
2020-07-15 1:07,2020-07-15 1:07,30391,18,-17
2020-07-15 1:08,2020-07-15 1:08,30381,24,-30
2020-07-15 1:09,2020-07-15 1:09,30387,12,-23
2020-07-15 1:11,2020-07-15 1:12,30381,9,-12
2020-07-15 1:12,2020-07-15 1:15,30387,192,-53
2020-07-15 1:15,2020-07-15 1:15,30391,0,-81
2020-07-15 1:16,2020-07-15 1:16,30391,3,48
2020-07-15 1:19,2020-07-15 1:19,30387,0,-84
2020-07-15 1:21,2020-07-15 1:21,30387,0,-83
2020-07-15 1:21,2020-07-15 1:21,30391,0,-77
2020-07-15 1:22,2020-07-15 1:22,30387,3,46
2020-07-15 1:24,2020-07-15 1:24,30387,0,-72
2020-07-15 1:25,2020-07-15 1:26,30387,24,45
2020-07-15 1:27,2020-07-15 1:27,30391,0,-81
2020-07-15 1:29,2020-07-15 1:29,30391,0,-81
2020-07-15 1:28,2020-07-15 1:30,30387,123,-54
2020-07-15 1:30,2020-07-15 1:31,30391,51,45
2020-07-15 1:31,2020-07-15 1:32,30387,22,4
2020-07-15 1:32,2020-07-15 1:32,30391,0,-76
2020-07-15 1:34,2020-07-15 1:34,30387,0,-78
2020-07-15 1:37,2020-07-15 1:37,30391,6,50
2020-07-15 1:37,2020-07-15 1:37,30387,0,-81
2020-07-15 1:39,2020-07-15 1:39,30387,0,-73
2020-07-15 1:42,2020-07-15 1:42,30391,0,-85
2020-07-15 1:43,2020-07-15 1:43,30391,0,-78
2020-07-15 1:42,2020-07-15 1:44,30387,102,-73
2020-07-15 1:46,2020-07-15 1:46,30387,24,-26
2020-07-15 1:45,2020-07-15 1:47,30391,98,-14
2020-07-15 1:47,2020-07-15 1:49,30387,106,-52
2020-07-15 1:49,2020-07-15 1:49,30386,0,-81
2020-07-15 1:48,2020-07-15 1:51,30391,173,-48
2020-07-15 1:52,2020-07-15 1:52,30386,0,-78
2020-07-15 1:52,2020-07-15 1:52,30387,0,-76
2020-07-15 1:56,2020-07-15 1:57,30387,69,-60
2020-07-15 1:56,2020-07-15 1:57,30391,23,48
2020-07-15 2:00,2020-07-15 2:00,30387,15,9
2020-07-15 2:02,2020-07-15 2:03,30387,60,-60
2020-07-15 2:05,2020-07-15 2:06,30391,42,9
2020-07-15 2:06,2020-07-15 2:08,30387,124,-76
2020-07-15 2:09,2020-07-15 2:09,30391,3,46
2020-07-15 2:10,2020-07-15 2:10,30391,0,-81
2020-07-15 2:11,2020-07-15 2:11,30391,0,-79
2020-07-15 2:12,2020-07-15 2:13,30391,45,44
2020-07-15 2:12,2020-07-15 2:14,30387,121,-60
2020-07-15 2:15,2020-07-15 2:16,30387,58,-55
2020-07-15 2:18,2020-07-15 2:18,30391,9,48
2020-07-15 2:18,2020-07-15 2:18,30387,9,46
2020-07-15 2:21,2020-07-15 2:23,30387,103,-63
2020-07-15 2:26,2020-07-15 2:27,30387,36,-53
2020-07-15 2:27,2020-07-15 2:27,30391,0,-73
2020-07-15 2:28,2020-07-15 2:30,30387,109,-50
2020-07-15 2:35,2020-07-15 2:36,30387,54,-53
2020-07-15 2:37,2020-07-15 2:39,30391,118,-20
2020-07-15 2:39,2020-07-15 2:39,30387,22,-14
2020-07-15 2:40,2020-07-15 2:40,30391,3,44
2020-07-15 2:46,2020-07-15 2:49,30387,189,-69
2020-07-15 2:54,2020-07-15 2:54,30387,36,-53
2020-07-15 2:58,2020-07-15 2:59,30387,97,-65
2020-07-15 3:01,2020-07-15 3:04,30387,208,-67
2020-07-15 3:06,2020-07-15 3:09,30387,166,-69
2020-07-15 3:19,2020-07-15 3:20,30391,92,-40
2020-07-15 3:22,2020-07-15 3:22,30391,3,48
2020-07-15 3:26,2020-07-15 3:26,30391,45,-31
2020-07-15 3:28,2020-07-15 3:28,30391,0,-75
2020-07-15 3:29,2020-07-15 3:29,30391,3,49
2020-07-15 3:31,2020-07-15 3:31,30391,0,-84
2020-07-15 3:32,2020-07-15 3:32,30391,0,-73
2020-07-15 3:33,2020-07-15 3:34,30391,6,3
2020-07-15 3:35,2020-07-15 3:36,30391,57,-32
2020-07-15 3:41,2020-07-15 3:41,30391,0,-76
2020-07-15 3:43,2020-07-15 3:43,30391,6,8
2020-07-15 3:47,2020-07-15 3:49,30391,120,-48
2020-07-15 3:56,2020-07-15 3:56,30391,0,-75
2020-07-15 3:57,2020-07-15 3:58,30391,33,-28
2020-07-15 4:00,2020-07-15 4:00,30391,0,-81
2020-07-15 4:01,2020-07-15 4:03,30391,114,-48
2020-07-15 4:04,2020-07-15 4:06,30391,127,-46
2020-07-15 4:08,2020-07-15 4:08,30381,6,52
2020-07-15 4:10,2020-07-15 4:10,30391,9,51
2020-07-15 4:11,2020-07-15 4:11,30387,0,-75
2020-07-15 4:12,2020-07-15 4:13,30391,48,-46
2020-07-15 4:14,2020-07-15 4:14,30387,27,-28
2020-07-15 4:14,2020-07-15 4:14,30391,0,-78
2020-07-15 4:16,2020-07-15 4:16,30387,6,6
2020-07-15 4:18,2020-07-15 4:18,30387,3,52
2020-07-15 4:24,2020-07-15 4:24,30391,0,-83
2020-07-15 4:22,2020-07-15 4:27,30387,306,-71
2020-07-15 4:28,2020-07-15 4:28,30387,6,48
2020-07-15 4:26,2020-07-15 4:29,30391,174,-61
2020-07-15 4:32,2020-07-15 4:33,30381,65,-61
2020-07-15 4:34,2020-07-15 4:34,30381,0,-83
2020-07-15 4:36,2020-07-15 4:38,30381,88,-53
2020-07-15 4:42,2020-07-15 4:42,30391,6,49
2020-07-15 4:42,2020-07-15 4:43,30387,96,-53
2020-07-15 4:43,2020-07-15 4:43,30391,3,44
2020-07-15 4:44,2020-07-15 4:44,30387,0,-78
2020-07-15 4:54,2020-07-15 4:54,30387,6,52
2020-07-15 4:56,2020-07-15 4:57,30387,18,-33
2020-07-15 4:57,2020-07-15 4:58,30391,18,-39
2020-07-15 4:58,2020-07-15 5:03,30387,305,-73
2020-07-15 5:04,2020-07-15 5:04,30387,18,-16
2020-07-15 5:09,2020-07-15 5:09,30387,15,-25
2020-07-15 5:11,2020-07-15 5:12,30387,60,-46
2020-07-15 5:13,2020-07-15 5:13,30381,40,46
2020-07-15 5:25,2020-07-15 5:25,30387,0,-83
2020-07-15 5:26,2020-07-15 5:26,30387,3,48
2020-07-15 5:36,2020-07-15 5:36,30387,0,-84
2020-07-15 5:37,2020-07-15 5:37,30386,30,3
2020-07-15 5:40,2020-07-15 5:41,30386,42,-58
2020-07-15 5:53,2020-07-15 5:53,30381,6,13
2020-07-15 5:57,2020-07-15 5:58,30381,70,-58
2020-07-15 5:59,2020-07-15 5:59,30386,21,44
2020-07-15 6:01,2020-07-15 6:02,30386,60,-22
2020-07-15 6:07,2020-07-15 6:07,30391,19,50
2020-07-15 6:03,2020-07-15 6:09,30386,336,-68
2020-07-15 6:11,2020-07-15 6:12,30386,69,-27
2020-07-15 6:19,2020-07-15 6:19,30386,0,-83
2020-07-15 6:19,2020-07-15 6:19,30381,10,-10
2020-07-15 6:22,2020-07-15 6:22,30386,0,-84
2020-07-15 6:24,2020-07-15 6:24,30387,6,45
2020-07-15 6:24,2020-07-15 6:25,30391,35,3
2020-07-15 6:28,2020-07-15 6:28,30391,0,-82
2020-07-15 6:27,2020-07-15 6:29,30386,120,-31
2020-07-15 6:33,2020-07-15 6:33,30387,0,-85
2020-07-15 6:34,2020-07-15 6:34,30387,9,-19
2020-07-15 6:52,2020-07-15 6:52,30386,0,-82
2020-07-15 6:53,2020-07-15 6:53,30386,12,4
2020-07-15 6:58,2020-07-15 6:59,30386,63,-32
2020-07-15 7:00,2020-07-15 7:00,30387,0,-75
2020-07-15 7:01,2020-07-15 7:02,30386,56,2
2020-07-15 7:03,2020-07-15 7:03,30386,0,-84
2020-07-15 7:06,2020-07-15 7:06,30386,27,-18
2020-07-15 7:09,2020-07-15 7:09,30386,0,-84
2020-07-15 7:14,2020-07-15 7:19,30387,342,-71
2020-07-15 7:21,2020-07-15 7:22,30387,58,-59
2020-07-15 7:24,2020-07-15 7:24,30387,24,49
2020-07-15 7:26,2020-07-15 7:26,30387,42,-59
2020-07-15 7:35,2020-07-15 7:36,30387,78,-62
2020-07-15 7:39,2020-07-15 7:39,30387,15,-15
2020-07-15 8:05,2020-07-15 8:08,30387,154,-30
2020-07-15 9:11,2020-07-15 9:12,30381,59,-59
2020-07-15 9:17,2020-07-15 9:18,30387,58,-45
2020-07-15 9:43,2020-07-15 9:44,30387,75,-50
2020-07-15 11:00,2020-07-15 11:00,30387,0,-72
2020-07-15 11:02,2020-07-15 11:02,30391,0,-79
2020-07-15 11:11,2020-07-15 11:11,30391,0,-85
2020-07-15 11:12,2020-07-15 11:12,30386,0,-81
2020-07-15 11:17,2020-07-15 11:19,30391,72,7
2020-07-15 11:21,2020-07-15 11:21,30386,0,-79
2020-07-15 11:22,2020-07-15 11:22,30387,0,-82
2020-07-15 11:22,2020-07-15 11:22,30391,0,-84
2020-07-15 11:24,2020-07-15 11:25,30387,70,-47
2020-07-15 11:31,2020-07-15 11:32,30387,51,-21
2020-07-15 11:42,2020-07-15 11:42,30381,17,6
2020-07-15 14:14,2020-07-15 14:14,30386,0,-78
2020-07-15 14:17,2020-07-15 14:17,30391,18,46
2020-07-15 14:17,2020-07-15 14:18,30386,84,-60
2020-07-15 14:18,2020-07-15 14:19,30391,37,-13
2020-07-15 14:22,2020-07-15 14:23,30386,47,49
2020-07-15 14:24,2020-07-15 14:24,30386,0,-66
2020-07-15 14:26,2020-07-15 14:26,30386,26,49
2020-07-15 14:27,2020-07-15 14:29,30386,120,-47
2020-07-15 14:31,2020-07-15 14:34,30386,179,-60
2020-07-15 14:38,2020-07-15 14:39,30386,36,12
2020-07-15 14:40,2020-07-15 14:40,30386,0,-84
2020-07-15 14:42,2020-07-15 14:44,30386,174,-71
2020-07-15 14:50,2020-07-15 14:50,30381,0,-72
2020-07-15 14:56,2020-07-15 14:57,30386,48,2
2020-07-15 14:58,2020-07-15 15:00,30386,89,-42
2020-07-15 15:02,2020-07-15 15:04,30386,112,-61
2020-07-15 15:13,2020-07-15 15:13,30386,15,49
2020-07-15 15:14,2020-07-15 15:14,30386,12,-26
2020-07-15 15:17,2020-07-15 15:18,30386,69,-64
2020-07-15 15:20,2020-07-15 15:20,30386,3,55
2020-07-15 15:21,2020-07-15 15:23,30386,127,-65
2020-07-15 15:24,2020-07-15 15:26,30386,109,-56
2020-07-15 15:31,2020-07-15 15:31,30386,0,-84
2020-07-15 15:32,2020-07-15 15:34,30386,127,-72
2020-07-15 15:39,2020-07-15 15:41,30387,133,-62
2020-07-15 15:40,2020-07-15 15:42,30386,121,-58
2020-07-15 16:09,2020-07-15 16:09,30381,0,-80
2020-07-15 16:10,2020-07-15 16:10,30386,0,-78
2020-07-15 18:09,2020-07-15 18:09,30387,3,50
2020-07-15 18:11,2020-07-15 18:11,30387,3,49
2020-07-15 18:37,2020-07-15 18:38,30387,33,-47
2020-07-15 18:39,2020-07-15 18:40,30387,60,-59
2020-07-15 18:42,2020-07-15 18:42,30387,12,-15
2020-07-15 19:01,2020-07-15 19:02,30391,68,-57
2020-07-15 19:01,2020-07-15 19:03,30387,151,-64
2020-07-15 19:03,2020-07-15 19:04,30391,49,-19
2020-07-15 19:20,2020-07-15 19:21,30387,64,-43
2020-07-15 19:23,2020-07-15 19:23,30381,21,50
2020-07-15 19:24,2020-07-15 19:24,30387,0,-75
2020-07-15 19:20,2020-07-15 19:28,30391,444,-72
2020-07-15 19:29,2020-07-15 19:29,30391,12,55
2020-07-15 19:31,2020-07-15 19:31,30391,9,52
2020-07-15 19:30,2020-07-15 19:34,30386,206,-63
2020-07-15 19:35,2020-07-15 19:36,30391,90,-45
2020-07-15 19:35,2020-07-15 19:38,30386,155,-64
2020-07-15 19:45,2020-07-15 19:45,30386,0,-84
2020-07-15 19:46,2020-07-15 19:47,30391,33,49
2020-07-15 19:48,2020-07-15 19:49,30391,63,-29
2020-07-15 19:50,2020-07-15 19:50,30386,0,-70
2020-07-15 19:51,2020-07-15 19:51,30386,10,46
2020-07-15 19:53,2020-07-15 19:54,30386,33,-36
2020-07-15 19:56,2020-07-15 19:56,30386,0,-83
2020-07-15 20:01,2020-07-15 20:01,30386,0,-82
2020-07-15 20:02,2020-07-15 20:03,30386,48,-17
2020-07-15 20:05,2020-07-15 20:05,30386,6,11
2020-07-15 20:08,2020-07-15 20:08,30381,0,-67
2020-07-15 20:16,2020-07-15 20:17,30381,60,-11
2020-07-15 20:19,2020-07-15 20:19,30381,3,54
2020-07-15 20:23,2020-07-15 20:23,30381,3,58
2020-07-15 20:41,2020-07-15 20:42,30391,54,-43
2020-07-15 21:10,2020-07-15 21:10,30391,0,-81
2020-07-15 21:29,2020-07-15 21:31,30391,111,-69
2020-07-15 21:32,2020-07-15 21:35,30391,162,-72
2020-07-15 21:36,2020-07-15 21:40,30391,271,-75
2020-07-15 23:50,2020-07-15 23:50,30391,9,46
2020-07-15 23:56,2020-07-15 23:56,30391,3,49
2020-07-16 1:32,2020-07-16 1:32,30391,6,50
2020-07-16 1:36,2020-07-16 1:37,30391,36,-46
2020-07-16 1:41,2020-07-16 1:41,30391,30,-37
2020-07-16 2:21,2020-07-16 2:22,30391,82,-45
2020-07-16 2:25,2020-07-16 2:26,30391,45,-38
2020-07-16 2:44,2020-07-16 2:44,30391,0,-79
2020-07-16 3:13,2020-07-16 3:13,30391,0,-75
2020-07-16 3:16,2020-07-16 3:16,30391,0,-78
2020-07-16 3:52,2020-07-16 3:52,30391,0,-81
2020-07-16 4:11,2020-07-16 4:11,30386,43,-47
2020-07-16 4:19,2020-07-16 4:19,30381,0,-80
2020-07-16 4:20,2020-07-16 4:23,30381,140,-53
2020-07-16 4:23,2020-07-16 4:24,30387,51,-16
2020-07-16 4:25,2020-07-16 4:29,30386,259,-67
2020-07-16 4:28,2020-07-16 4:29,30387,34,-28
2020-07-16 4:33,2020-07-16 4:33,30391,15,3
2020-07-16 4:32,2020-07-16 4:34,30387,120,-49
2020-07-16 4:34,2020-07-16 4:34,30391,3,46
2020-07-16 4:37,2020-07-16 4:37,30381,18,-36
2020-07-16 4:38,2020-07-16 4:39,30381,9,-13
2020-07-16 4:39,2020-07-16 4:39,30391,0,-83
2020-07-16 4:41,2020-07-16 4:42,30387,63,-51
2020-07-16 4:41,2020-07-16 4:42,30381,44,-56
2020-07-16 4:42,2020-07-16 4:43,30391,88,-46
2020-07-16 4:45,2020-07-16 4:45,30381,15,-35
2020-07-16 4:49,2020-07-16 4:50,30391,36,46
2020-07-16 4:52,2020-07-16 4:53,30391,51,3
2020-07-16 5:53,2020-07-16 5:58,30381,349,-67
2020-07-16 6:13,2020-07-16 6:14,30386,73,-35
2020-07-16 6:14,2020-07-16 6:14,30391,0,-73
2020-07-16 6:17,2020-07-16 6:17,30381,0,-81
2020-07-16 6:20,2020-07-16 6:20,30391,0,-72
2020-07-16 6:22,2020-07-16 6:22,30391,3,48
2020-07-16 6:23,2020-07-16 6:23,30391,15,48
2020-07-16 6:32,2020-07-16 6:33,30386,9,12
2020-07-16 6:33,2020-07-16 6:34,30387,70,-18
2020-07-16 6:35,2020-07-16 6:35,30391,0,-75
2020-07-16 6:37,2020-07-16 6:37,30391,9,46
2020-07-16 6:43,2020-07-16 6:43,30391,0,-83
2020-07-16 6:43,2020-07-16 6:44,30387,57,-47
2020-07-16 6:51,2020-07-16 6:51,30386,0,-81
2020-07-16 6:53,2020-07-16 6:53,30386,0,-82
2020-07-16 6:54,2020-07-16 6:54,30386,27,3
2020-07-16 6:55,2020-07-16 6:58,30386,195,-65
2020-07-16 7:02,2020-07-16 7:02,30391,30,-44
2020-07-16 7:04,2020-07-16 7:04,30391,30,-35
2020-07-16 8:01,2020-07-16 8:01,30391,6,46
2020-07-16 8:01,2020-07-16 8:01,30381,0,-85
2020-07-16 8:03,2020-07-16 8:04,30381,6,9
2020-07-16 8:07,2020-07-16 8:07,30391,12,-10
2020-07-16 8:08,2020-07-16 8:09,30391,67,-64
2020-07-16 8:11,2020-07-16 8:14,30391,217,-68
2020-07-16 8:20,2020-07-16 8:20,30391,15,7
2020-07-16 8:24,2020-07-16 8:28,30391,232,-66
2020-07-16 8:29,2020-07-16 8:29,30387,3,48
2020-07-16 8:30,2020-07-16 8:31,30387,12,48
2020-07-16 8:39,2020-07-16 8:39,30391,0,-81
2020-07-16 8:43,2020-07-16 8:43,30391,9,5
2020-07-16 8:44,2020-07-16 8:44,30387,0,-79
2020-07-16 8:46,2020-07-16 8:46,30387,0,-83
2020-07-16 8:49,2020-07-16 8:49,30387,48,53
2020-07-16 8:50,2020-07-16 8:50,30391,18,-25
2020-07-16 8:51,2020-07-16 8:51,30391,6,53
2020-07-16 8:52,2020-07-16 8:53,30387,63,-60
2020-07-16 8:53,2020-07-16 8:53,30391,12,-9
2020-07-16 9:03,2020-07-16 9:04,30391,78,-46
2020-07-16 9:06,2020-07-16 9:09,30391,220,-72
2020-07-16 9:11,2020-07-16 9:12,30391,21,-13
2020-07-16 10:51,2020-07-16 10:51,30391,0,-80
2020-07-16 11:02,2020-07-16 11:03,30381,14,-10
2020-07-16 11:03,2020-07-16 11:05,30391,105,-57
2020-07-16 11:06,2020-07-16 11:07,30391,54,56
2020-07-16 11:10,2020-07-16 11:10,30391,9,6
2020-07-18 21:42,2020-07-18 21:42,30391,6,57
2020-07-18 21:43,2020-07-18 21:46,30391,148,-67
2020-07-19 1:30,2020-07-19 1:30,30391,18,-13
2020-07-19 1:32,2020-07-19 1:34,30391,120,-66
2020-07-19 1:36,2020-07-19 1:38,30391,166,-60
2020-07-19 1:43,2020-07-19 1:43,30391,3,50
2020-07-19 1:46,2020-07-19 1:47,30391,40,55
2020-07-19 1:48,2020-07-19 1:48,30391,36,51
2020-07-19 1:52,2020-07-19 1:52,30381,6,49
2020-07-19 3:09,2020-07-19 3:09,30386,3,49
2020-07-19 3:31,2020-07-19 3:32,30381,15,-34
2020-07-19 3:36,2020-07-19 3:37,30391,36,-25
2020-07-19 3:40,2020-07-19 3:44,30386,279,-71
2020-07-19 3:44,2020-07-19 3:45,30391,42,-53
2020-07-19 3:53,2020-07-19 3:53,30386,0,-83
2020-07-19 3:54,2020-07-19 3:54,30386,0,-81
2020-07-19 3:57,2020-07-19 3:57,30386,18,-35
2020-07-19 3:59,2020-07-19 3:59,30386,15,-31
2020-07-19 4:12,2020-07-19 4:13,30386,24,-29
2020-07-19 7:05,2020-07-19 7:06,30386,37,6
2020-07-19 7:10,2020-07-19 7:10,30386,33,-56
2020-07-19 7:13,2020-07-19 7:14,30386,90,-29
2020-07-19 7:16,2020-07-19 7:16,30386,18,10
2020-07-19 7:18,2020-07-19 7:20,30386,166,-59
2020-07-19 7:23,2020-07-19 7:23,30386,51,-59
2020-07-19 7:26,2020-07-19 7:26,30386,6,7
2020-07-19 7:27,2020-07-19 7:28,30386,16,-19
2020-07-19 7:29,2020-07-19 7:29,30386,15,-25
2020-07-19 7:32,2020-07-19 7:34,30386,95,-57
2020-07-19 7:35,2020-07-19 7:36,30386,54,-60
2020-07-19 7:53,2020-07-19 7:53,30386,0,-76
2020-07-19 9:45,2020-07-19 9:48,30391,160,-71
2020-07-19 10:12,2020-07-19 10:12,30386,12,49
2020-07-19 10:15,2020-07-19 10:22,30386,414,-69
2020-07-19 10:25,2020-07-19 10:30,30386,285,-70
2020-07-19 10:32,2020-07-19 10:33,30386,48,-55
2020-07-19 10:34,2020-07-19 10:34,30386,12,7
2020-07-19 11:08,2020-07-19 11:08,30391,0,-72
2020-07-19 11:16,2020-07-19 11:16,30381,18,-26
2020-07-19 15:03,2020-07-19 15:04,30386,42,46
2020-07-19 15:06,2020-07-19 15:08,30386,113,-25
2020-07-19 15:11,2020-07-19 15:12,30386,51,46
2020-07-19 15:18,2020-07-19 15:19,30391,66,-34
2020-07-19 15:21,2020-07-19 15:21,30386,6,49
2020-07-19 15:21,2020-07-19 15:21,30391,0,-76
2020-07-19 15:22,2020-07-19 15:23,30386,81,-32
2020-06-18 0:02,2020-06-18 0:02,30386,0,-81
2020-07-19 16:16,2020-07-19 16:16,30386,45,48
2020-07-19 16:18,2020-07-19 16:18,30386,20,7
2020-07-19 16:21,2020-07-19 16:21,30381,0,-82
2020-07-19 16:20,2020-07-19 16:24,30386,247,-63
2020-07-19 16:25,2020-07-19 16:26,30386,83,-48
2020-07-19 16:29,2020-07-19 16:29,30381,21,-39
2020-07-19 16:29,2020-07-19 16:29,30386,0,-84
2020-07-19 16:31,2020-07-19 16:31,30391,6,46
2020-07-19 16:32,2020-07-19 16:33,30386,18,-17
2020-07-19 16:36,2020-07-19 16:37,30386,55,2
2020-07-19 16:37,2020-07-19 16:39,30391,98,-58
2020-07-19 16:41,2020-07-19 16:41,30381,0,-75
2020-07-19 16:42,2020-07-19 16:44,30381,145,-63
2020-07-19 16:46,2020-07-19 16:46,30381,0,-82
2020-07-19 16:54,2020-07-19 16:54,30386,27,-18
2020-07-19 16:56,2020-07-19 16:59,30391,224,-63
2020-07-19 17:01,2020-07-19 17:01,30391,41,-40
2020-07-19 17:06,2020-07-19 17:06,30391,20,2
2020-07-19 17:13,2020-07-19 17:13,30386,0,-84
2020-07-19 17:14,2020-07-19 17:14,30391,6,7
2020-07-19 17:14,2020-07-19 17:14,30386,0,-81
2020-07-19 17:16,2020-07-19 17:17,30386,66,-45
2020-07-19 17:18,2020-07-19 17:18,30386,0,-79
2020-07-19 17:17,2020-07-19 17:19,30391,90,-61
2020-07-19 17:21,2020-07-19 17:21,30386,18,2
2020-07-19 17:22,2020-07-19 17:22,30391,30,-47
2020-07-19 17:23,2020-07-19 17:24,30386,118,-65
2020-07-19 17:24,2020-07-19 17:24,30391,6,48
2020-07-19 17:26,2020-07-19 17:26,30391,3,49
2020-07-19 17:31,2020-07-19 17:32,30391,67,-55
2020-07-19 17:34,2020-07-19 17:34,30386,18,-35
2020-07-19 17:34,2020-07-19 17:34,30391,0,-72
2020-07-19 17:36,2020-07-19 17:37,30391,33,1
2020-07-19 17:37,2020-07-19 17:37,30386,12,2
2020-07-19 17:44,2020-07-19 17:44,30391,0,-79
2020-07-19 17:45,2020-07-19 17:48,30391,126,-42
2020-07-19 17:46,2020-07-19 17:47,30386,93,-17
2020-07-19 17:49,2020-07-19 17:49,30391,0,-76
2020-07-19 17:51,2020-07-19 17:51,30386,0,-78
2020-07-19 17:51,2020-07-19 17:52,30391,41,-40
2020-07-19 17:53,2020-07-19 17:53,30386,0,-85
2020-07-19 17:54,2020-07-19 17:55,30386,49,-25
2020-07-19 17:57,2020-07-19 17:59,30386,88,-61
2020-07-19 17:58,2020-07-19 17:59,30391,50,-20
2020-07-19 18:02,2020-07-19 18:02,30391,0,-84
2020-07-19 18:02,2020-07-19 18:03,30386,80,-23
2020-07-19 18:04,2020-07-19 18:04,30391,42,-53
2020-07-19 18:08,2020-07-19 18:09,30386,78,-47
2020-07-19 18:11,2020-07-19 18:13,30386,136,-48
2020-07-19 18:19,2020-07-19 18:19,30386,30,3
2020-07-19 18:22,2020-07-19 18:23,30386,36,47
2020-07-19 18:24,2020-07-19 18:24,30386,30,49
2020-07-19 18:26,2020-07-19 18:28,30391,85,-57
2020-07-19 18:29,2020-07-19 18:30,30391,40,1
2020-07-19 18:31,2020-07-19 18:31,30391,0,-75
2020-07-19 18:33,2020-07-19 18:33,30391,9,47
2020-07-19 18:27,2020-07-19 18:35,30386,478,-70
2020-07-19 18:35,2020-07-19 18:36,30391,18,-12
2020-07-19 18:36,2020-07-19 18:36,30386,0,-85
2020-07-19 18:37,2020-07-19 18:38,30386,9,44
2020-07-19 18:37,2020-07-19 18:37,30391,3,53
2020-07-19 18:43,2020-07-19 18:43,30386,18,51
2020-07-19 18:43,2020-07-19 18:43,30391,0,-82
2020-07-19 20:45,2020-07-19 20:45,30391,18,5
2020-07-19 20:46,2020-07-19 20:46,30391,3,51
2020-07-19 20:49,2020-07-19 20:49,30391,0,-82
2020-07-19 20:51,2020-07-19 20:52,30391,54,-62
2020-07-19 20:57,2020-07-19 20:57,30391,3,45
2020-07-19 20:58,2020-07-19 20:59,30391,18,5
2020-07-19 21:05,2020-07-19 21:06,30391,63,-58
2020-07-19 21:09,2020-07-19 21:09,30386,21,-24
2020-07-19 21:12,2020-07-19 21:14,30386,106,-67
2020-07-19 21:20,2020-07-19 21:20,30386,0,-83
2020-07-19 21:21,2020-07-19 21:22,30386,18,-43
2020-07-19 21:24,2020-07-19 21:24,30386,0,-84
2020-07-19 21:26,2020-07-19 21:27,30386,48,-36
2020-07-19 21:28,2020-07-19 21:30,30386,81,-39
2020-07-19 21:32,2020-07-19 21:32,30386,24,-44
2020-07-19 21:34,2020-07-19 21:34,30386,0,-82
2020-07-19 21:36,2020-07-19 21:36,30386,3,47
2020-07-19 21:32,2020-07-19 21:39,30387,449,-70
2020-07-19 21:40,2020-07-19 21:42,30386,124,-52
2020-07-21 2:06,2020-07-21 2:07,30386,100,-53
2020-07-21 2:08,2020-07-21 2:09,30386,18,-30
2020-07-21 2:26,2020-07-21 2:26,30381,0,-74
2020-07-21 2:27,2020-07-21 2:27,30386,0,-82
2020-07-21 2:28,2020-07-21 2:28,30381,18,-34
2020-07-21 4:29,2020-07-21 4:32,30381,166,-55
2020-07-21 4:33,2020-07-21 4:34,30381,63,-59
2020-07-21 4:36,2020-07-21 4:37,30381,71,-43
2020-07-21 4:41,2020-07-21 4:42,30381,39,-54
2020-07-21 4:46,2020-07-21 4:47,30386,68,-36
2020-07-21 4:49,2020-07-21 4:49,30391,3,48
2020-07-21 4:49,2020-07-21 4:50,30381,10,52
2020-07-21 4:51,2020-07-21 4:51,30387,18,-36
2020-07-21 4:52,2020-07-21 4:52,30391,0,-79
2020-07-21 4:53,2020-07-21 4:55,30386,87,-43
2020-07-21 4:55,2020-07-21 4:55,30387,3,47
2020-07-21 5:03,2020-07-21 5:04,30387,87,-17
2020-07-21 5:04,2020-07-21 5:04,30386,14,-31
2020-07-21 5:06,2020-07-21 5:07,30387,46,-54
2020-07-21 5:09,2020-07-21 5:09,30387,0,-85
2020-07-21 10:48,2020-07-21 10:49,30387,106,-64
2020-07-21 10:52,2020-07-21 10:52,30381,7,54
2020-07-21 10:52,2020-07-21 10:53,30387,48,-12
2020-07-21 10:55,2020-07-21 10:55,30387,0,-81
2020-07-21 10:56,2020-07-21 10:57,30387,21,-19
2020-07-21 10:58,2020-07-21 11:03,30387,331,-72
2020-07-21 11:22,2020-07-21 11:24,30381,147,-64
2020-07-21 12:20,2020-07-21 12:20,30386,0,-79
2020-07-21 12:36,2020-07-21 12:36,30386,0,-73
2020-07-21 12:57,2020-07-21 12:57,30386,15,46
2020-07-21 12:57,2020-07-21 12:59,30387,109,-60
2020-07-21 13:00,2020-07-21 13:00,30386,0,-84
2020-07-21 13:01,2020-07-21 13:01,30386,3,53
2020-07-21 13:03,2020-07-21 13:04,30387,36,-31
2020-07-21 13:11,2020-07-21 13:11,30387,0,-83
2020-07-21 13:15,2020-07-21 13:19,30386,235,-67
2020-07-21 13:19,2020-07-21 13:20,30381,54,-47
2020-07-21 13:21,2020-07-21 13:22,30386,77,9
2020-07-21 13:24,2020-07-21 13:29,30386,333,-67
2020-07-21 13:30,2020-07-21 13:31,30387,103,-40
2020-07-21 14:21,2020-07-21 14:21,30387,0,-72
2020-07-21 14:23,2020-07-21 14:23,30387,9,-8
2020-07-21 14:25,2020-07-21 14:27,30387,81,-47
2020-07-21 16:21,2020-07-21 16:22,30386,63,-65
2020-07-21 16:22,2020-07-21 16:23,30391,21,-38
2020-07-21 16:24,2020-07-21 16:24,30386,24,-42
2020-07-21 16:24,2020-07-21 16:25,30391,76,-64
2020-07-21 16:28,2020-07-21 16:28,30391,21,-23
2020-07-21 16:28,2020-07-21 16:28,30386,0,-83
2020-07-21 20:41,2020-07-21 20:42,30386,82,-62
2020-07-21 20:43,2020-07-21 20:43,30386,9,44
2020-07-21 21:02,2020-07-21 21:02,30391,0,-79
2020-07-21 21:03,2020-07-21 21:03,30387,0,-82
2020-07-21 21:05,2020-07-21 21:09,30387,295,-71
2020-07-21 21:11,2020-07-21 21:11,30387,18,-41
2020-07-21 21:13,2020-07-21 21:14,30387,63,-55
2020-07-21 21:16,2020-07-21 21:18,30387,112,-52
2020-07-21 21:23,2020-07-21 21:26,30387,176,-60
2020-07-21 21:27,2020-07-21 21:27,30387,0,-82
2020-07-21 21:49,2020-07-21 21:49,30387,15,-27
2020-07-21 21:51,2020-07-21 21:51,30387,54,-14
2020-06-18 0:02,2020-06-18 0:02,30387,0,-83
2020-07-21 22:11,2020-07-21 22:11,30387,10,-11
2020-07-21 22:14,2020-07-21 22:15,30387,58,-30
2020-07-21 22:20,2020-07-21 22:20,30387,0,-75
2020-07-21 22:22,2020-07-21 22:22,30387,3,51
2020-07-21 22:33,2020-07-21 22:36,30387,205,-69
2020-07-21 22:38,2020-07-21 22:39,30387,30,-55
2020-07-21 22:43,2020-07-21 22:47,30387,228,-69
2020-07-21 22:50,2020-07-21 22:51,30387,15,-28
2020-07-21 22:52,2020-07-21 22:52,30387,21,-37
2020-07-21 22:57,2020-07-21 22:57,30387,27,-55
2020-07-21 23:58,2020-07-22 0:00,30387,114,-58
2020-07-22 0:39,2020-07-22 0:39,30387,0,-84
2020-07-22 0:41,2020-07-22 0:43,30387,144,-58
2020-07-22 0:44,2020-07-22 0:44,30387,0,-81
2020-07-22 0:46,2020-07-22 0:48,30387,146,-54
2020-07-22 0:51,2020-07-22 0:52,30387,69,-58
2020-07-22 0:56,2020-07-22 0:56,30387,0,-78
2020-07-22 0:58,2020-07-22 0:58,30387,30,49
2020-07-22 1:06,2020-07-22 1:07,30387,81,-56
2020-07-22 1:09,2020-07-22 1:09,30387,18,2
2020-07-22 1:11,2020-07-22 1:12,30387,44,-43
2020-07-22 1:14,2020-07-22 1:14,30387,48,-41
2020-07-22 1:16,2020-07-22 1:19,30387,132,-52
2020-07-22 1:21,2020-07-22 1:21,30387,27,8
2020-07-22 1:24,2020-07-22 1:24,30387,9,10
2020-07-22 1:28,2020-07-22 1:29,30387,30,-37
2020-07-22 1:33,2020-07-22 1:33,30387,0,-70
2020-07-22 1:34,2020-07-22 1:34,30387,52,46
2020-07-22 1:36,2020-07-22 1:36,30386,11,9
2020-07-22 1:38,2020-07-22 1:38,30386,3,50
2020-07-22 1:36,2020-07-22 1:41,30387,252,-59
2020-07-22 1:41,2020-07-22 1:41,30386,0,-83
2020-07-22 2:06,2020-07-22 2:06,30387,12,9
2020-07-22 2:06,2020-07-22 2:06,30386,0,-79
2020-07-22 2:18,2020-07-22 2:19,30387,63,-15
2020-07-22 2:23,2020-07-22 2:24,30387,18,43
2020-07-22 2:32,2020-07-22 2:34,30387,111,-19
2020-07-22 3:03,2020-07-22 3:03,30381,0,-81
2020-07-22 4:10,2020-07-22 4:11,30387,9,47
2020-07-22 4:13,2020-07-22 4:13,30387,0,-83
2020-07-22 4:14,2020-07-22 4:15,30387,36,-30
2020-07-22 4:31,2020-07-22 4:31,30391,0,-73
2020-07-22 4:35,2020-07-22 4:36,30387,27,-29
2020-07-22 4:40,2020-07-22 4:40,30386,0,-79
2020-07-22 4:44,2020-07-22 4:44,30391,0,-84
2020-07-22 4:50,2020-07-22 4:50,30386,0,-75
2020-07-22 4:55,2020-07-22 4:55,30386,6,50
2020-07-22 4:57,2020-07-22 4:57,30386,0,-81
2020-07-22 4:58,2020-07-22 4:59,30386,51,10
2020-07-22 5:00,2020-07-22 5:00,30387,0,-84
2020-07-22 5:01,2020-07-22 5:01,30386,3,45
2020-07-22 6:13,2020-07-22 6:14,30387,78,-39
2020-07-22 6:16,2020-07-22 6:17,30387,48,-25
2020-07-22 6:17,2020-07-22 6:17,30386,12,5
2020-07-22 6:18,2020-07-22 6:18,30387,0,-81
2020-07-22 6:31,2020-07-22 6:37,30386,385,-73
2020-07-22 6:39,2020-07-22 6:39,30386,27,2
2020-07-22 13:47,2020-07-22 13:47,30387,15,-13
2020-07-22 13:52,2020-07-22 13:54,30387,100,-46
2020-07-22 14:39,2020-07-22 14:39,30387,0,-78
2020-07-22 14:40,2020-07-22 14:40,30387,3,44
2020-07-22 14:55,2020-07-22 14:56,30387,63,-64
2020-07-22 15:03,2020-07-22 15:04,30387,73,-48
2020-07-22 15:06,2020-07-22 15:09,30387,209,-67
2020-07-22 15:11,2020-07-22 15:12,30387,51,-33
2020-07-22 15:14,2020-07-22 15:14,30387,0,-82
2020-07-22 15:16,2020-07-22 15:16,30387,0,-73
2020-07-22 15:18,2020-07-22 15:18,30387,21,-13
2020-07-22 15:26,2020-07-22 15:26,30387,3,49
2020-07-22 15:27,2020-07-22 15:29,30387,137,-61
2020-07-22 15:31,2020-07-22 15:33,30387,82,-60
2020-07-22 15:36,2020-07-22 15:36,30387,16,5
2020-07-22 15:37,2020-07-22 15:38,30387,36,-50
2020-07-22 15:43,2020-07-22 15:44,30387,109,-52
2020-07-22 15:46,2020-07-22 15:48,30387,81,-51
2020-07-22 15:50,2020-07-22 15:51,30387,45,-45
2020-07-22 16:13,2020-07-22 16:14,30387,72,-51
2020-07-22 16:16,2020-07-22 16:16,30387,0,-82
2020-07-22 16:18,2020-07-22 16:18,30387,3,48
2020-07-22 16:54,2020-07-22 16:55,30387,59,-63
2020-07-22 17:25,2020-07-22 17:26,30386,49,7
2020-07-22 17:28,2020-07-22 17:28,30386,0,-79
2020-07-22 17:59,2020-07-22 17:59,30391,0,-76
2020-07-23 1:29,2020-07-23 1:29,30387,0,-83
2020-07-23 1:35,2020-07-23 1:35,30387,25,45
2020-07-23 1:38,2020-07-23 1:38,30387,24,-29
2020-07-23 1:44,2020-07-23 1:44,30387,3,53
2020-07-23 1:47,2020-07-23 1:47,30387,3,46
2020-07-23 3:01,2020-07-23 3:03,30387,100,-26
2020-07-23 3:08,2020-07-23 3:08,30387,3,53
2020-07-23 3:12,2020-07-23 3:12,30387,15,-18
2020-07-23 3:17,2020-07-23 3:17,30387,0,-87
2020-07-23 3:57,2020-07-23 3:57,30387,9,-15
2020-07-23 3:59,2020-07-23 3:59,30387,34,-19
2020-07-23 4:05,2020-07-23 4:06,30387,31,-31
2020-07-23 11:00,2020-07-23 11:00,30387,9,9
2020-07-23 17:46,2020-07-23 17:47,30387,42,-48
2020-07-23 17:48,2020-07-23 17:48,30387,0,-75
2020-07-23 17:51,2020-07-23 17:52,30387,54,-64
2020-07-24 18:39,2020-07-24 18:40,30386,46,2
2020-07-24 18:41,2020-07-24 18:42,30386,63,-18
2020-07-24 18:44,2020-07-24 18:44,30386,0,-78
2020-07-24 23:48,2020-07-24 23:48,30387,3,48
2020-07-25 0:31,2020-07-25 0:31,30387,0,-85
2020-07-25 0:32,2020-07-25 0:32,30387,0,-69
2020-07-25 0:35,2020-07-25 0:35,30387,0,-84
2020-07-25 5:57,2020-07-25 5:57,30386,0,-86
2020-07-25 20:03,2020-07-25 20:03,30391,18,51
2020-07-26 18:20,2020-07-26 18:23,30391,168,-68
2020-07-26 18:23,2020-07-26 18:23,30387,0,-80
2020-07-26 19:21,2020-07-26 19:21,30387,0,-85
2020-07-26 19:22,2020-07-26 19:22,30391,24,-45
2020-07-26 19:23,2020-07-26 19:24,30391,12,54
2020-07-26 21:03,2020-07-26 21:03,30387,0,-84
2020-07-26 21:11,2020-07-26 21:11,30387,42,-47
2020-07-26 21:27,2020-07-26 21:27,30387,0,-78
2020-07-26 21:59,2020-07-26 22:00,30387,53,-44
2020-07-27 0:12,2020-07-27 0:12,30387,0,-76
2020-07-27 0:16,2020-07-27 0:16,30387,0,-83
2020-07-27 0:50,2020-07-27 0:51,30387,61,-29
2020-07-27 0:53,2020-07-27 0:54,30387,21,-36
2020-07-27 4:21,2020-07-27 4:21,30386,36,47
2020-07-27 4:24,2020-07-27 4:24,30386,12,-15
2020-07-27 4:32,2020-07-27 4:32,30387,3,47
2020-07-27 4:59,2020-07-27 4:59,30391,6,10
2020-07-27 5:00,2020-07-27 5:00,30391,16,6
2020-07-27 5:02,2020-07-27 5:03,30387,76,-59
2020-07-27 5:04,2020-07-27 5:04,30391,3,54
2020-07-27 5:07,2020-07-27 5:10,30387,192,-65
2020-07-27 5:11,2020-07-27 5:11,30387,33,2
2020-07-27 5:12,2020-07-27 5:13,30387,19,56
2020-07-27 5:14,2020-07-27 5:14,30391,3,55
2020-07-27 5:17,2020-07-27 5:18,30387,66,-56
2020-07-27 5:20,2020-07-27 5:20,30387,37,-38
2020-07-27 5:20,2020-07-27 5:20,30391,9,-9
2020-07-27 5:21,2020-07-27 5:22,30387,36,-45
2020-07-27 5:23,2020-07-27 5:23,30387,0,-75
2020-07-27 5:25,2020-07-27 5:25,30387,9,-14
2020-07-27 5:26,2020-07-27 5:28,30387,106,-44
2020-07-27 5:31,2020-07-27 5:31,30391,3,53
2020-07-27 5:31,2020-07-27 5:32,30387,40,-36
2020-07-27 5:34,2020-07-27 5:34,30391,18,-40
2020-07-27 5:36,2020-07-27 5:36,30387,9,-18
2020-07-27 5:42,2020-07-27 5:42,30387,0,-82
2020-07-27 5:43,2020-07-27 5:48,30387,280,-70
2020-07-27 5:49,2020-07-27 5:49,30387,0,-82
2020-07-27 5:55,2020-07-27 5:57,30387,123,-46
2020-07-27 12:15,2020-07-27 12:15,30391,0,-75
2020-07-27 12:32,2020-07-27 12:34,30391,145,-64
2020-07-27 12:36,2020-07-27 12:36,30391,15,-30
2020-07-27 12:55,2020-07-27 12:56,30387,46,47
2020-07-27 12:57,2020-07-27 12:57,30387,12,-18
2020-07-27 12:57,2020-07-27 12:57,30391,0,-84
2020-07-27 12:59,2020-07-27 12:59,30387,0,-75
2020-07-27 13:02,2020-07-27 13:03,30387,12,-24
2020-07-27 13:04,2020-07-27 13:04,30387,0,-86
2020-07-27 13:09,2020-07-27 13:09,30387,18,47
2020-07-27 13:10,2020-07-27 13:11,30387,6,2
2020-07-27 13:12,2020-07-27 13:12,30391,15,9
2020-07-27 15:47,2020-07-27 15:47,30387,6,44
2020-07-27 15:48,2020-07-27 15:49,30387,60,5
2020-07-27 19:48,2020-07-27 19:48,30387,0,-81
2020-07-27 20:00,2020-07-27 20:00,30387,6,9
2020-07-27 20:01,2020-07-27 20:01,30387,0,-69
2020-07-27 20:05,2020-07-27 20:05,30387,30,-49
2020-07-27 20:07,2020-07-27 20:07,30387,0,-85
2020-07-27 20:09,2020-07-27 20:09,30387,6,44
2020-07-27 20:12,2020-07-27 20:12,30387,0,-80
2020-07-27 20:18,2020-07-27 20:18,30387,9,43
2020-07-28 2:31,2020-07-28 2:31,30387,0,-76
2020-07-28 2:33,2020-07-28 2:33,30387,3,46
2020-07-28 2:43,2020-07-28 2:43,30387,0,-78
2020-07-28 2:48,2020-07-28 2:48,30387,0,-82
2020-07-28 17:19,2020-07-28 17:19,30381,0,-82
2020-07-28 17:20,2020-07-28 17:20,30381,3,55
2020-07-28 17:21,2020-07-28 17:21,30387,0,-82
2020-07-28 17:21,2020-07-28 17:22,30391,38,5
2020-07-28 17:22,2020-07-28 17:23,30381,58,-31
2020-07-28 17:23,2020-07-28 17:23,30391,18,46
2020-07-28 17:22,2020-07-28 17:25,30387,164,-58
2020-07-28 17:25,2020-07-28 17:26,30381,30,-50
2020-07-28 17:38,2020-07-28 17:39,30387,84,-78
2020-07-28 17:47,2020-07-28 17:47,30387,0,-78
2020-07-28 18:20,2020-07-28 18:20,30386,0,-82
2020-07-29 1:52,2020-07-29 1:52,30387,0,-83
2020-07-29 2:00,2020-07-29 2:00,30387,0,-84
2020-07-29 2:01,2020-07-29 2:01,30386,0,-83
2020-07-29 2:15,2020-07-29 2:15,30386,3,44
2020-07-29 2:25,2020-07-29 2:26,30391,57,47
2020-07-29 2:26,2020-07-29 2:26,30386,0,-81
2020-07-29 2:26,2020-07-29 2:27,30387,22,-42
2020-07-29 2:28,2020-07-29 2:33,30391,313,-73
2020-07-29 2:33,2020-07-29 2:33,30387,6,5
2020-07-29 2:54,2020-07-29 2:54,30387,0,-81
2020-07-29 4:30,2020-07-29 4:30,30387,6,53
2020-07-29 6:07,2020-07-29 6:07,30387,0,-84
2020-07-29 6:08,2020-07-29 6:09,30387,15,-24
2020-07-29 6:13,2020-07-29 6:13,30391,36,-47
2020-07-29 11:40,2020-07-29 11:40,30387,0,-83
2020-06-18 0:02,2020-06-18 0:02,30387,0,-78
2020-06-18 0:03,2020-06-18 0:04,30387,42,-55
2020-07-29 12:49,2020-07-29 12:49,30387,0,-77
2020-07-29 12:56,2020-07-29 12:57,30387,18,-32
2020-07-29 13:11,2020-07-29 13:11,30381,34,-55
2020-07-30 1:31,2020-07-30 1:33,30391,121,-57
2020-07-30 1:35,2020-07-30 1:35,30391,21,-32
2020-07-30 3:48,2020-07-30 3:49,30382,84,-64
2020-07-30 3:51,2020-07-30 3:55,30382,276,-69
2020-07-30 3:57,2020-07-30 3:57,30382,9,-11
2020-07-30 4:20,2020-07-30 4:20,30382,33,-48
2020-07-30 6:13,2020-07-30 6:14,30391,81,-56
2020-07-30 6:34,2020-07-30 6:34,30391,0,-83
2020-07-30 6:45,2020-07-30 6:45,30391,0,-69
2020-07-30 7:01,2020-07-30 7:03,30382,121,-64
2020-07-30 7:02,2020-07-30 7:02,30391,0,-84
2020-07-30 7:27,2020-07-30 7:28,30382,15,-15
2020-07-30 7:28,2020-07-30 7:28,30388,0,-83
2020-07-30 7:51,2020-07-30 7:53,30388,111,-42
2020-07-30 18:40,2020-07-30 18:40,30391,15,55
2020-07-31 1:54,2020-07-31 1:55,30391,56,-47
2020-07-31 1:57,2020-07-31 1:57,30388,0,-73
2020-07-31 3:16,2020-07-31 3:16,30388,3,48
2020-07-31 15:37,2020-07-31 15:37,30391,0,-84
2020-07-31 20:46,2020-07-31 20:46,30388,0,-76
2020-07-31 20:52,2020-07-31 20:52,30388,0,-73
2020-07-31 20:53,2020-07-31 20:53,30391,0,-76
2020-07-31 21:10,2020-07-31 21:10,30382,16,-18
2020-08-01 20:04,2020-08-01 20:04,30388,14,-19
2020-08-01 20:11,2020-08-01 20:12,30388,32,-31
2020-08-01 20:11,2020-08-01 20:12,30381,51,-58
2020-08-01 20:15,2020-08-01 20:16,30381,48,-31
2020-08-01 20:19,2020-08-01 20:19,30381,0,-78
2020-08-01 20:21,2020-08-01 20:21,30381,0,-81
2020-08-01 20:24,2020-08-01 20:24,30391,21,-30
2020-08-01 20:25,2020-08-01 20:25,30381,15,43
2020-08-01 20:34,2020-08-01 20:34,30381,35,-33
2020-08-01 20:37,2020-08-01 20:37,30381,3,55
2020-08-01 20:58,2020-08-01 21:00,30381,114,-33
2020-08-01 21:01,2020-08-01 21:05,30381,216,-67
2020-08-01 21:06,2020-08-01 21:06,30381,3,48
2020-08-01 21:06,2020-08-01 21:06,30388,0,-78
2020-08-01 21:08,2020-08-01 21:08,30388,3,46
2020-08-01 21:07,2020-08-01 21:09,30381,141,-62
2020-08-01 21:09,2020-08-01 21:09,30388,2,51
2020-08-01 21:12,2020-08-01 21:12,30391,0,-85
2020-08-01 21:12,2020-08-01 21:13,30388,75,-40
2020-08-01 21:12,2020-08-01 21:12,30381,21,3
2020-08-01 21:14,2020-08-01 21:16,30381,122,-52
2020-08-01 21:18,2020-08-01 21:18,30381,0,-83
2020-08-01 21:19,2020-08-01 21:20,30381,54,-15
2020-08-01 21:19,2020-08-01 21:19,30388,7,47
2020-08-01 21:29,2020-08-01 21:30,30381,48,-27
2020-08-01 21:31,2020-08-01 21:31,30388,0,-83
2020-08-01 21:32,2020-08-01 21:32,30388,0,-81
2020-08-01 21:33,2020-08-01 21:33,30381,3,48
2020-08-01 21:37,2020-08-01 21:38,30381,45,-64
2020-08-01 21:46,2020-08-01 21:46,30388,0,-81
2020-08-01 22:27,2020-08-01 22:27,30381,0,-82
2020-08-01 22:27,2020-08-01 22:27,30388,27,7
2020-08-01 22:29,2020-08-01 22:29,30388,6,3
2020-08-01 22:32,2020-08-01 22:32,30388,0,-81
2020-08-01 22:36,2020-08-01 22:36,30381,46,-53
2020-08-01 22:38,2020-08-01 22:40,30381,85,-67
2020-08-02 0:12,2020-08-02 0:12,30386,0,-83
2020-08-02 0:21,2020-08-02 0:21,30386,0,-81
2020-08-03 0:41,2020-08-03 0:42,30391,37,-46
2020-08-03 1:52,2020-08-03 1:53,30388,15,45
2020-08-03 1:54,2020-08-03 1:54,30388,0,-83
2020-08-03 1:56,2020-08-03 1:56,30388,6,5
2020-08-03 1:58,2020-08-03 1:58,30388,14,49
2020-08-03 2:01,2020-08-03 2:01,30388,6,8
2020-08-03 2:02,2020-08-03 2:02,30388,6,3
2020-08-03 2:07,2020-08-03 2:07,30388,30,-39
2020-08-03 2:09,2020-08-03 2:09,30388,20,-19
2020-08-03 2:13,2020-08-03 2:13,30388,0,-83
2020-08-03 2:18,2020-08-03 2:18,30388,5,6
2020-08-03 2:17,2020-08-03 2:20,30391,207,-64
2020-08-03 2:22,2020-08-03 2:22,30391,0,-82
2020-08-03 2:22,2020-08-03 2:23,30388,26,-20
2020-08-03 2:24,2020-08-03 2:25,30391,69,-24
2020-08-03 2:26,2020-08-03 2:26,30388,3,49
2020-08-03 2:26,2020-08-03 2:26,30391,12,-30
2020-08-03 2:29,2020-08-03 2:32,30391,157,-60
2020-08-03 2:32,2020-08-03 2:32,30388,0,-72
2020-08-03 2:33,2020-08-03 2:33,30388,0,-84
2020-08-03 2:41,2020-08-03 2:41,30388,9,8
2020-08-03 2:42,2020-08-03 2:42,30391,3,46
2020-08-03 2:47,2020-08-03 2:47,30391,0,-81
2020-08-03 2:48,2020-08-03 2:49,30388,29,46
2020-08-03 2:50,2020-08-03 2:50,30391,0,-70
2020-08-03 2:52,2020-08-03 2:53,30391,12,45
2020-08-03 2:53,2020-08-03 2:53,30388,0,-81
2020-08-03 2:54,2020-08-03 2:54,30388,0,-84
2020-08-03 2:58,2020-08-03 2:59,30391,39,54
2020-08-03 3:01,2020-08-03 3:02,30391,91,5
2020-08-03 3:03,2020-08-03 3:03,30391,0,-79
2020-08-03 3:04,2020-08-03 3:04,30388,0,-82
2020-08-03 3:05,2020-08-03 3:05,30391,9,5
2020-08-03 3:13,2020-08-03 3:13,30388,0,-82
2020-08-03 3:18,2020-08-03 3:18,30388,44,5
2020-08-03 3:22,2020-08-03 3:22,30388,0,-83
2020-08-03 3:23,2020-08-03 3:23,30388,0,-84
2020-08-03 3:32,2020-08-03 3:34,30388,107,-44
2020-08-03 3:38,2020-08-03 3:38,30388,0,-83
2020-08-03 3:41,2020-08-03 3:41,30388,0,-82
2020-08-03 3:43,2020-08-03 3:43,30388,3,54
2020-08-03 3:44,2020-08-03 3:44,30388,0,-78
2020-08-03 3:47,2020-08-03 3:48,30388,24,11
2020-08-03 3:48,2020-08-03 3:48,30391,9,-14
2020-08-03 3:50,2020-08-03 3:51,30391,57,-59
2020-08-03 3:54,2020-08-03 3:54,30391,0,-82
2020-08-03 4:00,2020-08-03 4:00,30391,21,-43
2020-08-03 4:56,2020-08-03 4:56,30388,0,-84
2020-08-03 4:59,2020-08-03 4:59,30391,24,48
2020-08-03 4:59,2020-08-03 4:59,30381,0,-79
2020-08-03 5:03,2020-08-03 5:03,30388,0,-83
2020-08-03 5:06,2020-08-03 5:06,30381,27,3
2020-08-03 5:08,2020-08-03 5:08,30388,6,6
2020-08-03 5:08,2020-08-03 5:08,30381,0,-81
2020-08-03 5:13,2020-08-03 5:13,30388,0,-78
2020-08-03 5:13,2020-08-03 5:13,30381,0,-81
2020-08-03 5:19,2020-08-03 5:19,30391,3,51
2020-08-03 5:20,2020-08-03 5:20,30381,0,-84
2020-08-03 5:24,2020-08-03 5:24,30388,0,-85
2020-08-03 5:28,2020-08-03 5:28,30388,9,-20
2020-08-03 6:12,2020-08-03 6:12,30381,0,-75
2020-08-03 6:23,2020-08-03 6:23,30388,0,-75
2020-08-03 6:27,2020-08-03 6:27,30388,3,48
2020-08-03 6:28,2020-08-03 6:28,30391,0,-78
2020-08-03 6:50,2020-08-03 6:50,30388,0,-84
2020-08-03 6:54,2020-08-03 6:55,30391,26,47
2020-08-03 7:41,2020-08-03 7:41,30391,0,-78
2020-08-03 7:54,2020-08-03 7:54,30381,15,6
2020-08-03 8:15,2020-08-03 8:15,30388,18,47
2020-08-03 8:17,2020-08-03 8:17,30391,22,-39
2020-08-03 13:24,2020-08-03 13:24,30388,0,-78
2020-08-03 13:31,2020-08-03 13:31,30388,21,1
2020-08-03 13:52,2020-08-03 13:52,30386,0,-73
2020-08-03 13:55,2020-08-03 13:55,30388,0,-81
2020-08-03 14:29,2020-08-03 14:29,30386,0,-83
2020-08-03 19:52,2020-08-03 19:52,30391,0,-82
2020-08-03 20:04,2020-08-03 20:04,30388,0,-83
2020-08-03 20:07,2020-08-03 20:07,30391,0,-83
2020-08-03 21:04,2020-08-03 21:05,30388,14,45
2020-08-03 21:25,2020-08-03 21:25,30388,2,48
2020-08-03 21:27,2020-08-03 21:29,30386,170,-64
2020-08-03 22:35,2020-08-03 22:35,30386,0,-78
2020-08-03 22:54,2020-08-03 22:54,30386,0,-81
2020-08-03 22:55,2020-08-03 22:55,30388,0,-75
2020-08-03 22:55,2020-08-03 22:55,30386,0,-81
2020-08-03 23:03,2020-08-03 23:03,30388,12,-17
2020-06-18 0:01,2020-06-18 0:01,30386,0,-81
2020-06-18 0:03,2020-06-18 0:03,30386,0,-82
2020-08-03 23:37,2020-08-03 23:37,30386,0,-84
2020-08-03 23:46,2020-08-03 23:47,30388,9,3
2020-08-04 0:05,2020-08-04 0:05,30388,36,9
2020-08-04 0:06,2020-08-04 0:07,30388,39,44
2020-08-04 0:14,2020-08-04 0:19,30391,262,-64
2020-08-04 0:20,2020-08-04 0:22,30391,114,-42
2020-08-04 2:51,2020-08-04 2:51,30391,0,-73
2020-08-04 2:52,2020-08-04 2:52,30388,12,-16
2020-08-04 2:53,2020-08-04 2:53,30391,3,55
2020-08-04 2:54,2020-08-04 2:57,30391,166,-67
2020-08-04 3:00,2020-08-04 3:00,30388,0,-73
2020-08-04 3:00,2020-08-04 3:02,30391,97,-64
2020-08-04 3:02,2020-08-04 3:02,30388,0,-72
2020-08-04 3:11,2020-08-04 3:11,30388,0,-81
2020-08-04 3:12,2020-08-04 3:13,30391,42,-52
2020-08-04 3:14,2020-08-04 3:14,30391,51,-53
2020-08-04 3:18,2020-08-04 3:18,30391,0,-81
2020-08-04 3:20,2020-08-04 3:20,30391,9,-75
2020-08-04 3:22,2020-08-04 3:22,30388,20,10
2020-08-04 3:22,2020-08-04 3:23,30391,24,-26
2020-08-04 3:24,2020-08-04 3:26,30388,138,-59
2020-08-04 3:25,2020-08-04 3:26,30391,70,-42
2020-08-04 3:27,2020-08-04 3:28,30388,20,-38
2020-08-04 3:31,2020-08-04 3:32,30391,39,-15
2020-08-04 3:33,2020-08-04 3:33,30388,3,59
2020-08-04 3:33,2020-08-04 3:33,30391,6,4
2020-08-04 3:36,2020-08-04 3:36,30388,27,45
2020-08-04 3:36,2020-08-04 3:36,30391,0,-84
2020-08-04 3:38,2020-08-04 3:38,30391,0,-71
2020-08-04 3:41,2020-08-04 3:41,30391,39,-15
2020-08-04 3:41,2020-08-04 3:41,30388,12,9
2020-08-04 3:43,2020-08-04 3:43,30391,0,-66
2020-08-04 3:46,2020-08-04 3:46,30391,12,-29
2020-08-04 3:47,2020-08-04 3:48,30391,61,-61
2020-08-04 3:52,2020-08-04 3:52,30388,3,44
2020-08-04 3:54,2020-08-04 3:54,30391,12,7
2020-08-04 3:55,2020-08-04 3:56,30388,30,-40
2020-08-04 3:56,2020-08-04 3:56,30391,0,-69
2020-08-04 4:00,2020-08-04 4:01,30388,58,2
2020-08-04 4:01,2020-08-04 4:01,30391,0,-79
2020-08-04 4:05,2020-08-04 4:05,30391,3,49
2020-08-04 4:07,2020-08-04 4:07,30391,12,49
2020-08-04 4:11,2020-08-04 4:12,30391,86,-59
2020-08-04 4:16,2020-08-04 4:16,30391,32,-50
2020-08-04 4:23,2020-08-04 4:25,30391,95,-65
2020-08-04 4:27,2020-08-04 4:28,30391,84,-64
2020-08-04 4:34,2020-08-04 4:34,30391,0,-78
2020-08-04 4:42,2020-08-04 4:46,30391,204,-66
2020-08-04 4:47,2020-08-04 4:51,30391,205,-71
2020-08-04 4:54,2020-08-04 4:54,30391,6,51
2020-08-04 4:56,2020-08-04 4:57,30391,48,-46
2020-08-04 5:00,2020-08-04 5:03,30391,157,-68
2020-08-04 5:09,2020-08-04 5:09,30388,6,47
2020-08-04 5:57,2020-08-04 5:57,30388,0,-84
2020-08-04 6:13,2020-08-04 6:13,30388,0,-76
2020-08-04 6:22,2020-08-04 6:22,30388,0,-83
2020-08-04 6:32,2020-08-04 6:32,30388,0,-84
2020-08-04 6:40,2020-08-04 6:41,30388,46,-10
2020-08-04 6:42,2020-08-04 6:42,30388,0,-82
2020-08-04 6:45,2020-08-04 6:45,30388,21,2
2020-08-04 6:46,2020-08-04 6:48,30388,106,-37
2020-08-04 6:50,2020-08-04 6:50,30388,0,-75
2020-08-04 6:55,2020-08-04 6:55,30388,3,53
2020-08-04 6:59,2020-08-04 6:59,30388,0,-69
2020-08-04 7:01,2020-08-04 7:02,30388,57,7
2020-08-04 7:10,2020-08-04 7:10,30388,3,44
2020-08-05 20:13,2020-08-05 20:13,30381,6,3
2020-08-08 21:34,2020-08-08 21:40,30391,327,-66
2020-08-09 23:34,2020-08-09 23:34,30391,18,-11
2020-08-09 23:34,2020-08-09 23:34,30386,0,-85
2020-08-09 23:35,2020-08-09 23:36,30391,60,10
2020-08-10 1:53,2020-08-10 1:53,30391,3,45
2020-08-10 1:55,2020-08-10 1:55,30391,0,-83
2020-08-10 2:07,2020-08-10 2:07,30391,0,-80
2020-08-10 22:23,2020-08-10 22:23,30386,0,-77
2020-08-11 3:14,2020-08-11 3:14,30388,30,-47
2020-08-12 13:22,2020-08-12 13:22,30386,9,-15
2020-08-12 15:36,2020-08-12 15:37,30391,52,-35
2020-08-12 15:39,2020-08-12 15:39,30386,2,45
2020-08-12 15:41,2020-08-12 15:41,30386,0,-82
2020-08-13 1:21,2020-08-13 1:21,30391,24,-46
2020-08-13 6:52,2020-08-13 6:52,30391,0,-83
2020-08-13 7:29,2020-08-13 7:29,30386,0,-72
2020-08-13 7:29,2020-08-13 7:29,30391,0,-78
2020-08-13 15:26,2020-08-13 15:28,30391,141,-55
2020-08-13 15:28,2020-08-13 15:28,30386,0,-75
2020-08-13 15:29,2020-08-13 15:31,30386,99,-62
2020-08-13 15:37,2020-08-13 15:37,30391,9,11
2020-08-13 15:38,2020-08-13 15:38,30391,18,-30
2020-08-13 15:38,2020-08-13 15:38,30388,0,-85
2020-08-14 3:58,2020-08-14 3:59,30391,61,-61
2020-08-14 4:01,2020-08-14 4:01,30391,0,-78
2020-08-14 4:02,2020-08-14 4:03,30391,18,46
2020-08-14 4:04,2020-08-14 4:10,30391,389,-71
2020-08-14 4:16,2020-08-14 4:19,30391,207,-67
2020-08-14 4:21,2020-08-14 4:24,30391,220,-65
2020-08-14 4:26,2020-08-14 4:28,30391,109,-54
2020-08-14 4:29,2020-08-14 4:29,30391,12,-10
2020-08-14 4:31,2020-08-14 4:34,30391,221,-69
2020-08-14 4:36,2020-08-14 4:38,30391,149,-64
2020-08-14 4:41,2020-08-14 4:44,30391,176,-67
2020-08-14 4:45,2020-08-14 4:55,30391,576,-72
2020-08-14 5:17,2020-08-14 5:17,30391,0,-82
2020-08-14 5:22,2020-08-14 5:22,30391,0,-75
2020-08-14 5:24,2020-08-14 5:27,30391,191,-69
2020-08-14 5:28,2020-08-14 5:29,30391,57,-52
2020-08-14 6:15,2020-08-14 6:15,30391,0,-83
2020-08-14 7:58,2020-08-14 7:59,30391,61,1
2020-08-14 8:28,2020-08-14 8:29,30391,60,-59
2020-08-14 8:31,2020-08-14 8:31,30391,3,44
2020-08-14 8:33,2020-08-14 8:34,30391,96,-58
2020-08-14 8:36,2020-08-14 8:36,30391,0,-79
2020-08-15 2:32,2020-08-15 2:33,30386,81,-53
2020-08-16 19:44,2020-08-16 19:44,30381,40,-55
2020-08-16 23:26,2020-08-16 23:26,30391,0,-85
2020-08-16 23:41,2020-08-16 23:42,30391,33,1
2020-08-17 22:23,2020-08-17 22:23,30386,0,-79
2020-08-17 22:24,2020-08-17 22:25,30386,27,-46
2020-08-18 4:30,2020-08-18 4:30,30381,9,44
2020-08-18 4:32,2020-08-18 4:38,30381,312,-75
2020-08-18 4:39,2020-08-18 4:39,30381,3,45
2020-08-18 4:44,2020-08-18 4:44,30381,0,-86
2020-08-18 4:57,2020-08-18 4:57,30381,12,5
2020-08-18 5:24,2020-08-18 5:24,30381,0,-71
2020-08-18 15:19,2020-08-18 15:21,30381,160,-67
2020-08-18 15:22,2020-08-18 15:23,30381,30,-46
2020-08-18 15:25,2020-08-18 15:28,30381,184,-68
2020-08-18 23:30,2020-08-18 23:31,30386,15,-28
2020-08-19 6:26,2020-08-19 6:26,30391,0,-75
2020-08-19 6:38,2020-08-19 6:39,30386,54,-50
2020-08-19 7:12,2020-08-19 7:12,30391,13,50
2020-08-19 7:12,2020-08-19 7:12,30386,15,-34
2020-08-19 7:14,2020-08-19 7:14,30386,21,-46
2020-08-19 7:16,2020-08-19 7:20,30386,220,-71
2020-08-19 7:22,2020-08-19 7:23,30386,40,-43
2020-08-19 7:25,2020-08-19 7:25,30386,0,-85
2020-08-19 7:54,2020-08-19 7:54,30386,0,-81
2020-08-19 7:55,2020-08-19 7:55,30391,0,-78
2020-08-19 7:58,2020-08-19 7:58,30391,43,-49
2020-08-19 7:58,2020-08-19 7:58,30386,0,-84
2020-08-19 7:59,2020-08-19 8:00,30386,50,-12
2020-08-19 8:00,2020-08-19 8:03,30391,174,-59
2020-08-19 8:06,2020-08-19 8:06,30391,18,-40
2020-08-19 8:06,2020-08-19 8:07,30381,24,-41
2020-08-19 8:07,2020-08-19 8:10,30391,136,-54
2020-08-19 8:11,2020-08-19 8:16,30391,324,-70
2020-08-19 8:18,2020-08-19 8:19,30391,87,-60
2020-08-19 8:21,2020-08-19 8:21,30391,39,-37
2020-08-19 8:23,2020-08-19 8:23,30391,18,-34
2020-08-19 8:24,2020-08-19 8:25,30391,33,-38
2020-08-19 8:27,2020-08-19 8:27,30391,3,52
2020-08-19 8:28,2020-08-19 8:29,30391,15,-24
2020-08-19 8:30,2020-08-19 8:30,30391,12,-26
2020-08-19 8:36,2020-08-19 8:36,30391,0,-76
2020-08-19 8:38,2020-08-19 8:39,30391,75,-64
2020-08-19 8:49,2020-08-19 8:51,30391,92,-57
2020-08-19 8:52,2020-08-19 8:52,30391,45,-55
2020-08-19 8:53,2020-08-19 8:54,30391,12,-27
2020-08-19 8:54,2020-08-19 8:54,30386,6,3
2020-08-19 8:56,2020-08-19 8:56,30391,27,-15
2020-08-19 8:56,2020-08-19 8:56,30386,9,12
2020-08-19 9:02,2020-08-19 9:02,30391,0,-80
2020-08-19 9:08,2020-08-19 9:09,30391,39,-26
2020-08-19 9:12,2020-08-19 9:12,30386,3,53
2020-08-19 9:13,2020-08-19 9:13,30391,0,-82
2020-08-19 9:14,2020-08-19 9:14,30386,6,6
2020-08-19 9:16,2020-08-19 9:16,30386,19,49
2020-08-19 9:18,2020-08-19 9:18,30386,0,-72
2020-08-19 9:18,2020-08-19 9:19,30391,36,-54
2020-08-19 9:19,2020-08-19 9:19,30386,49,-45
2020-08-19 9:20,2020-08-19 9:21,30391,44,-58
2020-08-19 9:22,2020-08-19 9:24,30391,72,-28
2020-08-19 9:37,2020-08-19 9:38,30386,54,2
2020-08-19 9:39,2020-08-19 9:39,30386,12,-11
2020-08-19 9:38,2020-08-19 9:42,30391,224,-69
2020-08-19 9:43,2020-08-19 9:44,30386,48,-47
2020-08-19 9:51,2020-08-19 9:51,30391,33,-51
2020-08-19 9:54,2020-08-19 9:54,30391,24,-32
2020-08-19 9:56,2020-08-19 9:57,30391,43,7
2020-08-19 9:59,2020-08-19 9:59,30391,21,-38
2020-08-19 10:00,2020-08-19 10:01,30391,24,-42
2020-08-19 10:03,2020-08-19 10:03,30386,12,55
2020-08-19 10:02,2020-08-19 10:08,30391,335,-69
2020-08-19 10:08,2020-08-19 10:09,30386,51,-38
2020-08-19 10:12,2020-08-19 10:12,30386,0,-82
2020-08-19 10:12,2020-08-19 10:15,30391,173,-60
2020-08-19 10:14,2020-08-19 10:16,30386,139,-44
2020-08-19 10:17,2020-08-19 10:20,30386,161,-63
2020-08-19 10:22,2020-08-19 10:23,30386,79,-61
2020-08-19 10:24,2020-08-19 10:26,30386,116,-64
2020-08-19 10:26,2020-08-19 10:26,30391,15,-20
2020-08-19 10:35,2020-08-19 10:35,30391,0,-78
2020-08-19 11:40,2020-08-19 11:40,30391,0,-79
2020-08-19 11:41,2020-08-19 11:41,30391,12,-15
2020-08-19 11:43,2020-08-19 11:44,30391,84,-38
2020-08-19 12:11,2020-08-19 12:11,30391,15,46
2020-08-19 12:42,2020-08-19 12:42,30391,27,-42
2020-08-19 19:34,2020-08-19 19:34,30391,0,-81
2020-08-20 3:19,2020-08-20 3:20,30391,63,-50
2020-08-20 9:21,2020-08-20 9:22,30391,24,-42
2020-08-20 9:38,2020-08-20 9:39,30386,54,-79
2020-06-18 0:01,2020-06-18 0:01,30386,0,-70
2020-08-20 12:29,2020-08-20 12:29,30391,0,-83
2020-08-20 12:57,2020-08-20 12:58,30386,40,-13
2020-08-20 13:33,2020-08-20 13:33,30391,0,-75
2020-08-20 13:36,2020-08-20 13:36,30391,0,-83
2020-08-20 13:37,2020-08-20 13:38,30386,9,7
2020-08-21 2:11,2020-08-21 2:11,30386,12,-26
2020-08-21 2:17,2020-08-21 2:18,30386,66,-66
2020-08-21 5:25,2020-08-21 5:25,30391,0,-70
2020-08-21 5:38,2020-08-21 5:39,30391,63,-59
2020-08-21 5:53,2020-08-21 5:53,30386,0,-81
2020-08-21 6:04,2020-08-21 6:04,30391,0,-87
2020-08-21 6:04,2020-08-21 6:04,30386,9,-14
2020-08-21 6:06,2020-08-21 6:08,30386,134,-58
2020-08-21 14:28,2020-08-21 14:30,30386,136,-67
2020-08-22 2:01,2020-08-22 2:01,30386,0,-81
2020-08-22 2:05,2020-08-22 2:05,30386,0,-84
2020-08-22 3:03,2020-08-22 3:03,30391,33,-55
2020-08-22 3:05,2020-08-22 3:07,30391,120,-62
2020-08-22 3:11,2020-08-22 3:11,30391,9,-16
2020-06-18 0:01,2020-06-18 0:01,30391,0,-83
2020-06-18 0:05,2020-06-18 0:07,30391,103,-66
2020-06-18 0:01,2020-06-18 0:01,30391,0,-74
2020-06-18 0:02,2020-06-18 0:03,30391,48,-56
2020-08-22 7:17,2020-08-22 7:18,30381,24,-15
2020-08-24 7:48,2020-08-24 7:48,30391,11,54
2020-08-24 13:16,2020-08-24 13:17,30386,70,8
2020-06-18 0:01,2020-06-18 0:01,30386,0,-73
2020-06-18 0:02,2020-06-18 0:02,30386,9,55
2020-08-24 21:30,2020-08-24 21:31,30381,60,-58
2020-08-24 21:39,2020-08-24 21:40,30381,57,-48
2020-08-24 23:38,2020-08-24 23:38,30381,37,-43
2020-08-25 0:31,2020-08-25 0:34,30381,184,-72
2020-08-25 0:35,2020-08-25 0:37,30381,90,-64
2020-08-26 13:05,2020-08-26 13:05,30381,6,45
2020-08-27 15:00,2020-08-27 15:00,30381,5,43
2020-08-27 16:25,2020-08-27 16:27,30381,103,-67
2020-08-28 14:20,2020-08-28 14:20,30391,25,-48
2020-08-28 18:38,2020-08-28 18:39,30391,57,-63
2020-08-29 14:13,2020-08-29 14:13,30381,2,43
2020-08-29 14:18,2020-08-29 14:21,30381,187,-70
2020-08-29 16:53,2020-08-29 16:54,30381,60,-58
2020-08-29 20:13,2020-08-29 20:18,30381,255,-69
2020-08-31 0:52,2020-08-31 0:52,30381,12,-27
2020-08-31 3:00,2020-08-31 3:01,30391,9,-9
2020-08-31 6:39,2020-08-31 6:39,30391,9,43
2020-09-01 1:36,2020-09-01 1:38,30381,164,-69
2020-06-18 0:01,2020-06-18 0:01,30381,0,-74
2020-09-01 2:53,2020-09-01 2:53,30391,6,47
2020-09-01 15:18,2020-09-01 15:18,30386,0,-85
2020-09-01 15:26,2020-09-01 15:26,30386,0,-87
2020-09-01 15:59,2020-09-01 15:59,30386,6,1
2020-09-01 16:01,2020-09-01 16:01,30386,3,49
2020-09-02 16:43,2020-09-02 16:43,30386,9,43
2020-09-03 18:04,2020-09-03 18:04,30381,0,-84
2020-09-03 18:27,2020-09-03 18:27,30381,0,-69
2020-09-03 18:43,2020-09-03 18:43,30391,3,46
2020-09-04 19:40,2020-09-04 19:40,30381,0,-84
2020-09-05 2:05,2020-09-05 2:06,30386,81,-64
2020-09-06 3:48,2020-09-06 3:48,30391,33,51
2020-09-06 4:00,2020-09-06 4:02,30391,82,-64
2020-09-11 18:03,2020-09-11 18:03,30391,16,-32
2020-09-12 22:29,2020-09-12 22:29,30391,0,-84
2020-09-14 2:46,2020-09-14 2:48,30381,111,-62
2020-09-14 10:09,2020-09-14 10:09,30381,0,-72
2020-09-15 6:26,2020-09-15 6:27,30391,34,4
