GMT,MST,Date,Time,Latitude,Longitude,Altitude,Duration,Temperature,DOP,Satellites,Fix
2020-07-13 14:36,2020-07-13 8:36,2020-07-13,8:36:11,51.415432,-114.3284546,925.02,70,13,4.2,4,GPS Schedule
2020-07-13 14:41,2020-07-13 8:41,2020-07-13,8:41:05,51.4137925,-114.3277449,1112.8,63,13.5,3.2,5,GPS Schedule
2020-07-13 14:45,2020-07-13 8:45,2020-07-13,8:45:03,51.4130665,-114.3272275,1205.41,1,13.5,20,5,GPS Schedule
2020-07-13 14:50,2020-07-13 8:50,2020-07-13,8:50:09,51.4132347,-114.3272779,1189.19,7,13.5,3.4,5,GPS Schedule
2020-07-13 14:56,2020-07-13 8:56,2020-07-13,8:56:05,51.413579,-114.3275948,1131.76,63,14,3.4,5,GPS Schedule
2020-07-13 15:00,2020-07-13 9:00,2020-07-13,9:00:02,51.4136059,-114.3276979,1117.85,0,13,3.2,5,GPS Schedule
2020-07-13 15:05,2020-07-13 9:05,2020-07-13,9:05:04,51.4137905,-114.3275505,1144.96,2,13.5,3.2,5,GPS Schedule
2020-07-13 15:10,2020-07-13 9:10,2020-07-13,9:10:05,51.4136337,-114.3279654,1114.1,3,13.5,4,5,GPS Schedule
2020-07-13 15:16,2020-07-13 9:16,2020-07-13,9:16:03,51.413671,-114.3274541,1128.7,61,14.5,1.4,7,GPS Schedule
2020-07-13 15:20,2020-07-13 9:20,2020-07-13,9:20:02,51.4140444,-114.3273085,1150.56,0,14,2.8,6,GPS Schedule
2020-07-13 15:25,2020-07-13 9:25,2020-07-13,9:25:02,51.4138797,-114.3273752,1134.48,0,14,4,5,GPS Schedule
2020-07-13 15:27,2020-07-13 9:27,2020-07-13,9:27:20,51.4139735,-114.3279026,1110.81,0,13.5,4,5,Proximity GPS Schedule
2020-07-13 15:30,2020-07-13 9:30,2020-07-13,9:30:07,51.4138115,-114.3276305,1100.88,5,14,2.4,6,GPS Schedule
2020-07-13 15:35,2020-07-13 9:35,2020-07-13,9:35:04,51.41348,-114.3275605,1130.31,2,14.5,2.2,5,GPS Schedule
2020-07-13 15:40,2020-07-13 9:40,2020-07-13,9:40:07,51.4135736,-114.3276793,1133.51,5,15,2,6,GPS Schedule
2020-07-13 15:45,2020-07-13 9:45,2020-07-13,9:45:02,51.4134556,-114.3274904,1128.64,0,15.5,4.4,5,GPS Schedule
2020-07-13 15:50,2020-07-13 9:50,2020-07-13,9:50:02,51.4136978,-114.3273899,1132.72,0,17,1.8,5,GPS Schedule
2020-07-13 15:55,2020-07-13 9:55,2020-07-13,9:55:02,51.4137266,-114.3274787,1114.82,0,17.5,1.6,5,GPS Schedule
2020-07-13 16:00,2020-07-13 10:00,2020-07-13,10:00:07,51.4138607,-114.3274834,1128.49,5,17.5,1.6,5,GPS Schedule
2020-07-13 16:05,2020-07-13 10:05,2020-07-13,10:05:07,51.4136389,-114.3275614,1136.67,5,17.5,1.6,4,GPS Schedule
2020-07-13 16:10,2020-07-13 10:10,2020-07-13,10:10:07,51.413853,-114.3275978,1141.97,5,17.5,1.4,5,GPS Schedule
2020-07-13 16:15,2020-07-13 10:15,2020-07-13,10:15:09,51.41383,-114.3276287,1135.05,7,17,1.4,5,GPS Schedule
2020-07-13 16:20,2020-07-13 10:20,2020-07-13,10:20:06,51.4137363,-114.3276468,1136.98,4,17,1.4,4,GPS Schedule
2020-07-13 16:25,2020-07-13 10:25,2020-07-13,10:25:58,51.4139374,-114.3273745,1103.77,56,17.5,1.8,5,GPS Schedule
2020-07-13 16:30,2020-07-13 10:30,2020-07-13,10:30:03,51.413928,-114.3272421,1146.82,1,17.5,1.8,5,GPS Schedule
2020-07-13 16:35,2020-07-13 10:35,2020-07-13,10:35:03,51.4142702,-114.326404,1152.26,2,17.5,2,5,GPS Schedule
2020-07-13 16:40,2020-07-13 10:40,2020-07-13,10:40:03,51.4141032,-114.3264053,1132.55,1,17.5,2.2,5,GPS Schedule
2020-07-13 16:45,2020-07-13 10:45,2020-07-13,10:45:06,51.4139022,-114.3264237,1138.88,4,18.5,7.4,4,GPS Schedule
2020-07-13 16:50,2020-07-13 10:50,2020-07-13,10:50:35,51.4140705,-114.3263913,1143.13,33,19.5,2,5,GPS Schedule
2020-07-13 16:55,2020-07-13 10:55,2020-07-13,10:55:03,51.4140812,-114.3263807,1151.13,1,20,1.8,5,GPS Schedule
2020-07-13 17:00,2020-07-13 11:00,2020-07-13,11:00:02,51.4141576,-114.3264286,1114.93,0,20.5,1.8,5,GPS Schedule
2020-07-13 17:05,2020-07-13 11:05,2020-07-13,11:05:04,51.4139722,-114.3273343,1122.43,2,21,1.8,5,GPS Schedule
2020-07-13 17:11,2020-07-13 11:11,2020-07-13,11:11:10,0,0,0,70,22,0,0,GPS Schedule
2020-07-13 17:16,2020-07-13 11:16,2020-07-13,11:16:10,0,0,0,70,22.5,0,0,GPS Schedule
2020-07-13 17:21,2020-07-13 11:21,2020-07-13,11:21:10,0,0,0,70,22,0,0,GPS Schedule
2020-07-13 17:25,2020-07-13 11:25,2020-07-13,11:25:38,51.4140679,-114.3264349,1120.33,36,22,2.2,6,GPS Schedule
2020-07-13 17:30,2020-07-13 11:30,2020-07-13,11:30:13,51.4141567,-114.3262831,1158.5,11,21.5,1.2,7,GPS Schedule
2020-07-13 17:35,2020-07-13 11:35,2020-07-13,11:35:02,51.4141788,-114.3263167,1110.48,0,22,2.6,5,GPS Schedule
2020-07-13 17:40,2020-07-13 11:40,2020-07-13,11:40:18,51.4141483,-114.3264006,1143.89,16,21.5,1.4,5,GPS Schedule
2020-07-13 17:45,2020-07-13 11:45,2020-07-13,11:45:40,51.4139793,-114.3262903,1135.87,38,22.5,4.2,3,GPS Schedule
2020-07-13 17:50,2020-07-13 11:50,2020-07-13,11:50:29,51.4140592,-114.326322,1127.5,27,22.5,1.4,7,GPS Schedule
2020-07-13 17:55,2020-07-13 11:55,2020-07-13,11:55:03,51.4140314,-114.3264065,1126.13,1,22,2.8,4,GPS Schedule
2020-07-13 18:01,2020-07-13 12:01,2020-07-13,12:01:03,51.4139631,-114.3261577,1104.05,61,23,2.6,5,GPS Schedule
2020-07-13 18:05,2020-07-13 12:05,2020-07-13,12:05:02,51.4141034,-114.3265375,1142.77,0,22,2.8,5,GPS Schedule
2020-07-13 18:10,2020-07-13 12:10,2020-07-13,12:10:03,51.4139712,-114.3270026,1130.2,1,22,3,5,GPS Schedule
2020-07-13 18:15,2020-07-13 12:15,2020-07-13,12:15:04,51.4141091,-114.3264006,1138.42,2,22.5,3.2,5,GPS Schedule
2020-07-13 18:20,2020-07-13 12:20,2020-07-13,12:20:02,51.4140896,-114.326375,1099.22,0,22,3.2,5,GPS Schedule
2020-07-13 18:25,2020-07-13 12:25,2020-07-13,12:25:02,51.4139787,-114.3264932,1109.06,0,22.5,3.2,5,GPS Schedule
2020-07-13 18:30,2020-07-13 12:30,2020-07-13,12:30:02,51.4143131,-114.3263554,1166.36,0,22.5,3,5,GPS Schedule
2020-07-13 18:35,2020-07-13 12:35,2020-07-13,12:35:06,51.4141178,-114.3264657,1123.57,4,21.5,2.8,5,GPS Schedule
2020-07-13 18:40,2020-07-13 12:40,2020-07-13,12:40:02,51.4140509,-114.3264196,1129.51,0,22,2.6,5,GPS Schedule
2020-07-13 18:45,2020-07-13 12:45,2020-07-13,12:45:03,51.4141359,-114.3264885,1136.04,1,21.5,2.4,5,GPS Schedule
2020-07-13 18:50,2020-07-13 12:50,2020-07-13,12:50:03,51.4141524,-114.3264455,1125.62,1,22,2.2,5,GPS Schedule
2020-07-13 18:55,2020-07-13 12:55,2020-07-13,12:55:02,51.414143,-114.3264725,1109.83,0,22,2,5,GPS Schedule
2020-07-13 19:00,2020-07-13 13:00,2020-07-13,13:00:02,51.4139186,-114.3264573,1090.09,0,22,1.8,5,GPS Schedule
2020-07-13 19:05,2020-07-13 13:05,2020-07-13,13:05:02,51.4139912,-114.3266681,1114.35,0,22.5,1.8,5,GPS Schedule
2020-07-13 19:10,2020-07-13 13:10,2020-07-13,13:10:03,51.4141232,-114.3265811,1123.1,1,22.5,1.6,5,GPS Schedule
2020-07-13 19:15,2020-07-13 13:15,2020-07-13,13:15:10,52.6781778,-118.3744274,1106.28,70,22.5,1.8,3,GPS Schedule
2020-07-13 19:20,2020-07-13 13:20,2020-07-13,13:20:33,51.4140954,-114.326355,1116.61,31,22,1.6,5,GPS Schedule
2020-07-13 19:25,2020-07-13 13:25,2020-07-13,13:25:17,51.4140817,-114.3263787,1108.87,15,21,1.8,5,GPS Schedule
2020-07-13 19:30,2020-07-13 13:30,2020-07-13,13:30:19,51.4140819,-114.3264002,1115.25,17,21,1.8,5,GPS Schedule
2020-07-13 19:35,2020-07-13 13:35,2020-07-13,13:35:03,51.4140454,-114.3263367,1149.19,1,20.5,1.8,5,GPS Schedule
2020-07-13 19:40,2020-07-13 13:40,2020-07-13,13:40:03,51.4139557,-114.3272882,1135.41,1,20.5,1.8,5,GPS Schedule
2020-07-13 19:45,2020-07-13 13:45,2020-07-13,13:45:08,51.4138054,-114.3276262,1124.45,6,21,1.8,5,GPS Schedule
2020-07-13 19:50,2020-07-13 13:50,2020-07-13,13:50:03,51.4136589,-114.3277435,1145.13,1,20.5,2,4,GPS Schedule
2020-07-13 19:55,2020-07-13 13:55,2020-07-13,13:55:34,51.4138263,-114.327725,1134.11,32,20.5,3.8,5,GPS Schedule
2020-07-13 20:00,2020-07-13 14:00,2020-07-13,14:00:37,51.4135899,-114.3277101,1132.07,35,20.5,2.4,5,GPS Schedule
2020-07-13 20:05,2020-07-13 14:05,2020-07-13,14:05:07,51.4136672,-114.3276459,1143.12,5,19.5,1.4,5,GPS Schedule
2020-07-13 20:10,2020-07-13 14:10,2020-07-13,14:10:03,51.4135616,-114.3276733,1133.3,1,19.5,1.6,6,GPS Schedule
2020-07-13 20:15,2020-07-13 14:15,2020-07-13,14:15:02,51.4133899,-114.3282249,1160.06,0,20,2.6,5,GPS Schedule
2020-07-13 20:20,2020-07-13 14:20,2020-07-13,14:20:03,51.4136488,-114.3276278,1125.56,1,20.5,3.6,4,GPS Schedule
2020-07-13 20:26,2020-07-13 14:26,2020-07-13,14:26:03,51.4135429,-114.3277768,1132.4,61,22,3.8,5,GPS Schedule
2020-07-13 20:30,2020-07-13 14:30,2020-07-13,14:30:23,51.4137217,-114.3278843,1115.25,21,22,4.4,5,GPS Schedule
2020-07-13 20:35,2020-07-13 14:35,2020-07-13,14:35:03,51.4136388,-114.3278027,1127.72,1,22,6,4,GPS Schedule
2020-07-13 20:40,2020-07-13 14:40,2020-07-13,14:40:57,51.4136145,-114.3275957,1120.93,55,21.5,2,5,GPS Schedule
2020-07-13 20:45,2020-07-13 14:45,2020-07-13,14:45:02,51.4138018,-114.3275442,1128.61,0,22,2,5,GPS Schedule
2020-07-13 20:50,2020-07-13 14:50,2020-07-13,14:50:02,51.4139378,-114.3263418,1148.51,0,21.5,1.8,5,GPS Schedule
2020-07-13 20:55,2020-07-13 14:55,2020-07-13,14:55:05,51.413817,-114.3263333,1125.97,3,21.5,6.2,4,GPS Schedule
2020-07-13 21:00,2020-07-13 15:00,2020-07-13,15:00:33,51.4138928,-114.3263617,1125.65,31,22.5,2.4,5,GPS Schedule
2020-07-13 21:05,2020-07-13 15:05,2020-07-13,15:05:17,51.4140347,-114.326341,1123.28,15,21.5,2.4,5,GPS Schedule
2020-07-13 21:10,2020-07-13 15:10,2020-07-13,15:10:17,51.4140194,-114.3263529,1118.24,15,20.5,2.4,5,GPS Schedule
2020-07-13 21:15,2020-07-13 15:15,2020-07-13,15:15:19,51.4139365,-114.3263604,1128.16,17,19,2.2,5,GPS Schedule
2020-07-13 21:20,2020-07-13 15:20,2020-07-13,15:20:03,51.414146,-114.3263351,1140.26,1,18.5,2.2,5,GPS Schedule
2020-07-13 21:25,2020-07-13 15:25,2020-07-13,15:25:02,51.4141351,-114.3263242,1125.88,0,18.5,2,5,GPS Schedule
2020-07-13 21:30,2020-07-13 15:30,2020-07-13,15:30:03,51.4141922,-114.3264209,1152.79,1,18,4.2,4,GPS Schedule
2020-07-13 21:35,2020-07-13 15:35,2020-07-13,15:35:33,51.4140289,-114.3268776,1130.19,31,18.5,1,7,GPS Schedule
2020-07-13 21:40,2020-07-13 15:40,2020-07-13,15:40:19,51.4136394,-114.3276827,1134.07,17,18,1,7,GPS Schedule
2020-07-13 21:45,2020-07-13 15:45,2020-07-13,15:45:02,51.4134564,-114.3278482,1122.17,0,17.5,1,6,GPS Schedule
2020-07-13 21:50,2020-07-13 15:50,2020-07-13,15:50:02,51.4135721,-114.3278888,1143.88,0,18,1,7,GPS Schedule
2020-07-13 21:55,2020-07-13 15:55,2020-07-13,15:55:03,51.4139337,-114.3274357,1130.97,1,18,1,7,GPS Schedule
2020-07-13 22:00,2020-07-13 16:00,2020-07-13,16:00:02,51.4141401,-114.3264919,1127.99,0,17.5,1,7,GPS Schedule
2020-07-13 22:05,2020-07-13 16:05,2020-07-13,16:05:02,51.4140801,-114.3264209,1137.16,0,17.5,1,7,GPS Schedule
2020-07-13 22:10,2020-07-13 16:10,2020-07-13,16:10:02,51.4140679,-114.3263934,1130.56,0,18,1.2,7,GPS Schedule
2020-07-13 22:15,2020-07-13 16:15,2020-07-13,16:15:02,51.4140814,-114.3263482,1131.92,0,18.5,1.2,6,GPS Schedule
2020-07-13 22:20,2020-07-13 16:20,2020-07-13,16:20:02,51.414157,-114.3263676,1161.03,0,18.5,2,5,GPS Schedule
2020-07-13 22:25,2020-07-13 16:25,2020-07-13,16:25:02,51.4141628,-114.3262937,1152.84,0,19,1.2,6,GPS Schedule
2020-07-13 22:30,2020-07-13 16:30,2020-07-13,16:30:03,51.4141788,-114.3263229,1128.39,1,19,2.2,5,GPS Schedule
2020-07-13 22:35,2020-07-13 16:35,2020-07-13,16:35:02,51.4141067,-114.3263351,1134.79,0,19,1.2,7,GPS Schedule
2020-07-13 22:40,2020-07-13 16:40,2020-07-13,16:40:02,51.4140661,-114.3265032,1149.92,0,19.5,1.2,7,GPS Schedule
2020-07-13 22:45,2020-07-13 16:45,2020-07-13,16:45:02,51.4138598,-114.3263523,1131.13,0,21,2.2,5,GPS Schedule
2020-07-13 22:50,2020-07-13 16:50,2020-07-13,16:50:02,51.4139053,-114.3264951,1141.16,0,22,1.2,7,GPS Schedule
2020-07-13 22:55,2020-07-13 16:55,2020-07-13,16:55:02,51.41386,-114.3262973,1175.89,0,23,2.2,5,GPS Schedule
2020-07-13 23:00,2020-07-13 17:00,2020-07-13,17:00:03,51.4140186,-114.3266422,1136.23,1,22.5,1.4,6,GPS Schedule
2020-07-13 23:05,2020-07-13 17:05,2020-07-13,17:05:02,51.4139779,-114.3264106,1148.79,0,22.5,3.4,5,GPS Schedule
2020-07-13 23:10,2020-07-13 17:10,2020-07-13,17:10:02,51.4143149,-114.3273691,1122.71,0,22.5,2.2,5,GPS Schedule
2020-07-13 23:15,2020-07-13 17:15,2020-07-13,17:15:02,51.4136459,-114.327558,1146.28,0,22.5,2.2,5,GPS Schedule
2020-07-13 23:20,2020-07-13 17:20,2020-07-13,17:20:02,51.4140639,-114.3273505,1107.89,0,21.5,2.2,5,GPS Schedule
2020-07-13 23:25,2020-07-13 17:25,2020-07-13,17:25:06,51.4139171,-114.3271682,1136.28,4,21.5,1.2,6,GPS Schedule
2020-07-13 23:30,2020-07-13 17:30,2020-07-13,17:30:02,51.4140552,-114.3276373,1117.62,0,21,2.4,5,GPS Schedule
2020-07-13 23:35,2020-07-13 17:35,2020-07-13,17:35:02,51.4141087,-114.3274811,1101.36,0,21,2.4,5,GPS Schedule
2020-07-13 23:41,2020-07-13 17:41,2020-07-13,17:41:11,51.4133133,-114.3273447,1078.58,69,22,1.8,7,GPS Schedule
2020-07-13 23:45,2020-07-13 17:45,2020-07-13,17:45:02,51.413724,-114.3269416,1141.91,1,22,1.8,7,GPS Schedule
2020-07-13 23:50,2020-07-13 17:50,2020-07-13,17:50:02,51.4135764,-114.3268453,1121.75,0,21.5,2,7,GPS Schedule
2020-07-13 23:55,2020-07-13 17:55,2020-07-13,17:55:07,51.4136794,-114.3273781,1133.08,5,22.5,2,7,GPS Schedule
2020-07-14 0:00,2020-07-13 18:00,2020-07-13,18:00:02,51.4137793,-114.3273858,1113.97,0,23,2,7,GPS Schedule
2020-07-14 0:05,2020-07-13 18:05,2020-07-13,18:05:02,51.4137899,-114.3273185,1143.73,0,23,2,7,GPS Schedule
2020-07-14 0:10,2020-07-13 18:10,2020-07-13,18:10:02,51.4137706,-114.3272792,1139.05,0,23.5,2.2,6,GPS Schedule
2020-07-14 0:15,2020-07-13 18:15,2020-07-13,18:15:07,51.4135648,-114.3270498,1116.38,5,24,2,7,GPS Schedule
2020-07-14 0:20,2020-07-13 18:20,2020-07-13,18:20:02,51.4136475,-114.3263079,1139.75,0,24,1.8,7,GPS Schedule
2020-07-14 0:25,2020-07-13 18:25,2020-07-13,18:25:02,51.4137266,-114.3264858,1126.33,0,23.5,1.8,7,GPS Schedule
2020-07-14 0:30,2020-07-13 18:30,2020-07-13,18:30:02,51.4135228,-114.3265741,1111.16,0,23.5,1.8,6,GPS Schedule
2020-07-14 0:35,2020-07-13 18:35,2020-07-13,18:35:02,51.4139241,-114.3266067,1131.82,0,23.5,1.8,6,GPS Schedule
2020-07-14 0:40,2020-07-13 18:40,2020-07-13,18:40:02,51.4138157,-114.3264123,1149.12,0,24,1.6,6,GPS Schedule
2020-07-14 0:45,2020-07-13 18:45,2020-07-13,18:45:02,51.4137075,-114.3263789,1130.58,0,24,1.6,6,GPS Schedule
2020-07-14 0:50,2020-07-13 18:50,2020-07-13,18:50:02,51.4137507,-114.3262149,1145.94,0,23.5,1.6,6,GPS Schedule
2020-07-14 0:55,2020-07-13 18:55,2020-07-13,18:55:02,51.4137328,-114.3267592,1118.1,0,23.5,1.4,6,GPS Schedule
2020-07-14 1:00,2020-07-13 19:00,2020-07-13,19:00:02,51.4137258,-114.3268256,1104.65,0,23,1.4,6,GPS Schedule
2020-07-14 1:05,2020-07-13 19:05,2020-07-13,19:05:02,51.4139526,-114.3273275,1136.96,0,23,1.4,6,GPS Schedule
2020-07-14 1:10,2020-07-13 19:10,2020-07-13,19:10:02,51.4142427,-114.3274353,1154.7,0,22.5,3.4,5,GPS Schedule
2020-07-14 1:15,2020-07-13 19:15,2020-07-13,19:15:02,51.4140981,-114.3272305,1118.93,0,22,3,5,GPS Schedule
2020-07-14 1:20,2020-07-13 19:20,2020-07-13,19:20:02,51.4138418,-114.3272044,1155.76,0,22,2.8,5,GPS Schedule
2020-07-14 1:25,2020-07-13 19:25,2020-07-13,19:25:02,51.4140793,-114.3271252,1146.18,0,21.5,2.8,5,GPS Schedule
2020-07-14 1:30,2020-07-13 19:30,2020-07-13,19:30:03,51.4140583,-114.3272046,1131.42,1,21.5,1.2,6,GPS Schedule
2020-07-14 1:35,2020-07-13 19:35,2020-07-13,19:35:02,51.4140259,-114.3270753,1143.25,0,21.5,2.6,5,GPS Schedule
2020-07-14 1:40,2020-07-13 19:40,2020-07-13,19:40:07,51.4141084,-114.3272507,1123.13,5,21.5,2.8,4,GPS Schedule
2020-07-14 1:45,2020-07-13 19:45,2020-07-13,19:45:33,51.413981,-114.3273643,1135.73,31,22,1.4,7,GPS Schedule
2020-07-14 1:50,2020-07-13 19:50,2020-07-13,19:50:19,51.4139729,-114.327036,1133.88,17,21.5,1.2,7,GPS Schedule
2020-07-14 1:55,2020-07-13 19:55,2020-07-13,19:55:03,51.4140409,-114.3263732,1124.01,1,21.5,1.2,7,GPS Schedule
2020-07-14 2:00,2020-07-13 20:00,2020-07-13,20:00:02,51.4140354,-114.3266008,1148.8,0,22,1.6,6,GPS Schedule
2020-07-14 2:05,2020-07-13 20:05,2020-07-13,20:05:02,51.4138541,-114.3264415,1127.8,0,22,1.2,7,GPS Schedule
2020-07-14 2:10,2020-07-13 20:10,2020-07-13,20:10:02,51.4140819,-114.3264002,1115.25,0,22.5,1.2,7,GPS Schedule
2020-07-14 2:15,2020-07-13 20:15,2020-07-13,20:15:02,51.4139752,-114.3262743,1108.1,0,22,2,5,GPS Schedule
2020-07-14 2:20,2020-07-13 20:20,2020-07-13,20:20:02,51.4140543,-114.3263757,1133.05,0,22.5,1.2,7,GPS Schedule
2020-07-14 2:25,2020-07-13 20:25,2020-07-13,20:25:02,51.4141974,-114.3262609,1119.06,0,22.5,1.4,6,GPS Schedule
2020-07-14 2:30,2020-07-13 20:30,2020-07-13,20:30:02,51.4140302,-114.3273001,1142.87,0,22.5,1.4,7,GPS Schedule
2020-07-14 2:35,2020-07-13 20:35,2020-07-13,20:35:06,51.4140365,-114.3271953,1138.47,4,22,1.4,7,GPS Schedule
2020-07-14 2:40,2020-07-13 20:40,2020-07-13,20:40:02,51.4140865,-114.3272199,1123.8,0,21.5,2.2,6,GPS Schedule
2020-07-14 2:45,2020-07-13 20:45,2020-07-13,20:45:03,51.4140747,-114.326347,1127.4,1,21.5,2.4,6,GPS Schedule
2020-07-14 2:50,2020-07-13 20:50,2020-07-13,20:50:03,51.4141206,-114.3264311,1116.93,1,21.5,1.8,5,GPS Schedule
2020-07-14 2:55,2020-07-13 20:55,2020-07-13,20:55:02,51.4142052,-114.3265398,1090.23,0,21.5,1.8,5,GPS Schedule
2020-07-14 3:00,2020-07-13 21:00,2020-07-13,21:00:03,51.413903,-114.3263882,1147.77,1,21.5,6.8,4,GPS Schedule
2020-07-14 3:05,2020-07-13 21:05,2020-07-13,21:05:35,51.4140472,-114.3264268,1131.12,33,22,1.2,8,GPS Schedule
2020-07-14 3:10,2020-07-13 21:10,2020-07-13,21:10:02,51.4140196,-114.3269325,1138.69,0,21.5,1.2,8,GPS Schedule
2020-07-14 3:15,2020-07-13 21:15,2020-07-13,21:15:02,51.4136053,-114.3273616,1130.7,0,21,1.2,7,GPS Schedule
2020-07-14 3:20,2020-07-13 21:20,2020-07-13,21:20:02,51.4135284,-114.3269323,1124.73,0,20.5,1.2,7,GPS Schedule
2020-07-14 3:25,2020-07-13 21:25,2020-07-13,21:25:02,51.4136381,-114.3266103,1157.21,0,20.5,2,6,GPS Schedule
2020-07-14 3:30,2020-07-13 21:30,2020-07-13,21:30:02,51.4136996,-114.3266177,1113.37,0,20.5,1.6,6,GPS Schedule
2020-07-14 3:35,2020-07-13 21:35,2020-07-13,21:35:02,51.4138703,-114.3265552,1105.89,0,20.5,3.4,5,GPS Schedule
2020-07-14 3:40,2020-07-13 21:40,2020-07-13,21:40:03,51.413806,-114.3266654,1135.91,1,20,1.6,6,GPS Schedule
2020-07-14 3:45,2020-07-13 21:45,2020-07-13,21:45:02,51.4134859,-114.326877,1218.06,0,20,4.6,5,GPS Schedule
2020-07-14 3:50,2020-07-13 21:50,2020-07-13,21:50:02,51.4138937,-114.3269698,1080.79,0,19.5,4.2,5,GPS Schedule
2020-07-14 3:55,2020-07-13 21:55,2020-07-13,21:55:03,51.4137503,-114.327396,1212.49,1,19,1.6,5,GPS Schedule
2020-07-14 4:00,2020-07-13 22:00,2020-07-13,22:00:05,51.4138359,-114.3271199,1152.44,3,18.5,1.6,6,GPS Schedule
2020-07-14 4:05,2020-07-13 22:05,2020-07-13,22:05:02,51.4136198,-114.3264201,1162.67,0,18,1.6,6,GPS Schedule
2020-07-14 4:10,2020-07-13 22:10,2020-07-13,22:10:03,51.4136599,-114.3264198,1148.88,1,17.5,1.6,6,GPS Schedule
2020-07-14 4:15,2020-07-13 22:15,2020-07-13,22:15:02,51.4137667,-114.3266087,1152.19,0,17.5,1.8,5,GPS Schedule
2020-07-14 4:20,2020-07-13 22:20,2020-07-13,22:20:02,51.4143588,-114.3271582,1040.77,0,17.5,7.2,5,GPS Schedule
2020-07-14 4:25,2020-07-13 22:25,2020-07-13,22:25:03,51.4136256,-114.3266352,1153.21,1,17,1.8,5,GPS Schedule
2020-07-14 4:30,2020-07-13 22:30,2020-07-13,22:30:03,51.4137343,-114.3265838,1149.95,1,17,2.4,5,GPS Schedule
2020-07-14 4:35,2020-07-13 22:35,2020-07-13,22:35:02,51.4137603,-114.3267612,1164.27,0,17,2,5,GPS Schedule
2020-07-14 4:40,2020-07-13 22:40,2020-07-13,22:40:04,51.4136038,-114.3266196,1142.35,2,16,2,5,GPS Schedule
2020-07-14 4:45,2020-07-13 22:45,2020-07-13,22:45:02,51.4137615,-114.3265023,1123.23,0,16,2.2,5,GPS Schedule
2020-07-14 4:50,2020-07-13 22:50,2020-07-13,22:50:03,51.4135784,-114.3268803,1148.44,1,16,2.6,5,GPS Schedule
2020-07-14 4:55,2020-07-13 22:55,2020-07-13,22:55:10,51.4136973,-114.3264341,1158.35,8,15.5,2.8,5,GPS Schedule
2020-07-14 5:00,2020-07-13 23:00,2020-07-13,23:00:04,51.413613,-114.3265558,1163.28,2,14.5,3.6,4,GPS Schedule
2020-07-14 5:05,2020-07-13 23:05,2020-07-13,23:05:35,51.4134007,-114.327038,1096.41,33,13.5,2.8,5,GPS Schedule
2020-07-14 5:10,2020-07-13 23:10,2020-07-13,23:10:05,51.4140093,-114.3267312,1186.94,3,13,11.8,4,GPS Schedule
2020-07-14 5:16,2020-07-13 23:16,2020-07-13,23:16:08,51.4135795,-114.3269644,1131.71,70,13.5,5.8,4,GPS Schedule
2020-07-14 5:21,2020-07-13 23:21,2020-07-13,23:21:03,51.4135434,-114.3268774,1117.01,61,13.5,5,5,GPS Schedule
2020-07-14 5:25,2020-07-13 23:25,2020-07-13,23:25:35,51.4136022,-114.3270012,1129.7,33,13.5,1.4,7,GPS Schedule
2020-07-14 5:30,2020-07-13 23:30,2020-07-13,23:30:03,51.417098,-114.31424,9.57,1,13,3.6,4,GPS Schedule
2020-07-14 5:36,2020-07-13 23:36,2020-07-13,23:36:10,51.4072292,-114.3447594,0.38,70,14,5.4,3,GPS Schedule
2020-07-14 5:41,2020-07-13 23:41,2020-07-13,23:41:10,0,0,0,70,14,0,0,GPS Schedule
2020-07-14 5:46,2020-07-13 23:46,2020-07-13,23:46:10,0,0,0,70,13.5,0,0,GPS Schedule
2020-07-14 5:50,2020-07-13 23:50,2020-07-13,23:50:59,51.4137479,-114.3266844,1127,57,13,2.8,5,GPS Schedule
2020-07-14 5:55,2020-07-13 23:55,2020-07-13,23:55:13,51.4137264,-114.3266641,1121.22,11,12.5,2.8,5,GPS Schedule
2020-07-14 6:00,2020-07-14 0:00,2020-07-14,0:00:02,51.4135827,-114.3267405,1117.35,0,11.5,2.6,5,GPS Schedule
2020-07-14 6:05,2020-07-14 0:05,2020-07-14,0:05:07,51.4136678,-114.3266726,1118.75,5,12,2.4,6,GPS Schedule
2020-07-14 6:10,2020-07-14 0:10,2020-07-14,0:10:07,51.4137361,-114.3270331,1074.31,5,12.5,2.6,6,GPS Schedule
2020-07-14 6:15,2020-07-14 0:15,2020-07-14,0:15:02,51.413708,-114.326935,1102.4,0,13,3,5,GPS Schedule
2020-07-14 6:20,2020-07-14 0:20,2020-07-14,0:20:02,51.4134158,-114.3267696,1121.94,0,13.5,3,5,GPS Schedule
2020-07-14 6:25,2020-07-14 0:25,2020-07-14,0:25:04,51.4134481,-114.3266135,1176.64,2,13,2.4,4,GPS Schedule
2020-07-14 6:30,2020-07-14 0:30,2020-07-14,0:30:33,51.4135351,-114.326975,1119.02,31,14.5,1.2,7,GPS Schedule
2020-07-14 6:35,2020-07-14 0:35,2020-07-14,0:35:19,51.4135749,-114.3269441,1128.28,17,14.5,1.2,7,GPS Schedule
2020-07-14 6:40,2020-07-14 0:40,2020-07-14,0:40:02,51.4136223,-114.3269357,1129.19,0,14.5,1.2,7,GPS Schedule
2020-07-14 6:45,2020-07-14 0:45,2020-07-14,0:45:02,51.4136261,-114.3269149,1162.11,0,14,1.2,7,GPS Schedule
2020-07-14 6:50,2020-07-14 0:50,2020-07-14,0:50:02,51.4135946,-114.3268896,1140.6,0,13.5,1.4,6,GPS Schedule
2020-07-14 6:55,2020-07-14 0:55,2020-07-14,0:55:03,51.4135786,-114.326937,1126.68,1,13.5,1.6,5,GPS Schedule
2020-07-14 7:00,2020-07-14 1:00,2020-07-14,1:00:02,51.4134998,-114.3270586,1132.39,0,14,1.4,6,GPS Schedule
2020-07-14 7:05,2020-07-14 1:05,2020-07-14,1:05:02,51.4136106,-114.3270835,1145.58,0,14,1,7,GPS Schedule
2020-07-14 7:10,2020-07-14 1:10,2020-07-14,1:10:02,51.4134885,-114.3270371,1124.44,0,14,1.4,7,GPS Schedule
2020-07-14 7:15,2020-07-14 1:15,2020-07-14,1:15:02,51.4136396,-114.327057,1128.93,0,14.5,1,7,GPS Schedule
2020-07-14 7:20,2020-07-14 1:20,2020-07-14,1:20:02,51.4137874,-114.3270857,1158.03,1,15.5,1.2,7,GPS Schedule
2020-07-14 7:25,2020-07-14 1:25,2020-07-14,1:25:02,51.4135986,-114.3270713,1127.45,1,16,1.2,7,GPS Schedule
2020-07-14 7:30,2020-07-14 1:30,2020-07-14,1:30:02,51.4136084,-114.3270333,1130.42,0,15.5,1.2,7,GPS Schedule
2020-07-14 7:35,2020-07-14 1:35,2020-07-14,1:35:02,51.4149634,-114.3271575,1214.81,0,15.5,3,6,GPS Schedule
2020-07-14 7:40,2020-07-14 1:40,2020-07-14,1:40:02,51.4131892,-114.3271992,1104.96,0,15.5,2.8,6,GPS Schedule
2020-07-14 7:45,2020-07-14 1:45,2020-07-14,1:45:02,51.4135588,-114.3269563,1142.5,0,14.5,1.2,6,GPS Schedule
2020-07-14 7:50,2020-07-14 1:50,2020-07-14,1:50:02,51.4136435,-114.3269759,1118.35,0,14,0.8,7,GPS Schedule
2020-07-14 7:55,2020-07-14 1:55,2020-07-14,1:55:02,51.4135214,-114.3268591,1153.5,0,14,1.2,5,GPS Schedule
2020-07-14 8:00,2020-07-14 2:00,2020-07-14,2:00:02,51.4137162,-114.3270498,1137.49,0,14.5,1.4,6,GPS Schedule
2020-07-14 8:05,2020-07-14 2:05,2020-07-14,2:05:02,51.4135329,-114.326985,1147.37,0,14.5,1.8,5,GPS Schedule
2020-07-14 8:10,2020-07-14 2:10,2020-07-14,2:10:04,51.4136167,-114.3270941,1139.92,2,14.5,1.8,4,GPS Schedule
2020-07-14 8:15,2020-07-14 2:15,2020-07-14,2:15:33,51.4135575,-114.3270642,1119.59,31,15,2.8,5,GPS Schedule
2020-07-14 8:20,2020-07-14 2:20,2020-07-14,2:20:19,51.4135547,-114.3269881,1122.4,17,14.5,2.6,5,GPS Schedule
2020-07-14 8:25,2020-07-14 2:25,2020-07-14,2:25:02,51.4134973,-114.3266673,1135.17,0,14.5,2.4,5,GPS Schedule
2020-07-14 8:30,2020-07-14 2:30,2020-07-14,2:30:02,51.4135495,-114.3268051,1131.81,0,15,2.4,5,GPS Schedule
2020-07-14 8:35,2020-07-14 2:35,2020-07-14,2:35:07,51.413454,-114.326879,1127.5,5,14.5,2.2,5,GPS Schedule
2020-07-14 8:38,2020-07-14 2:38,2020-07-14,2:38:53,51.4135183,-114.326975,1116.68,2,14,6.8,4,Proximity GPS Schedule
2020-07-14 8:40,2020-07-14 2:40,2020-07-14,2:40:33,51.4135311,-114.3269931,1133.45,31,14.5,1.4,7,GPS Schedule
2020-07-14 8:45,2020-07-14 2:45,2020-07-14,2:45:19,51.4135414,-114.3269179,1122.3,17,14,1,8,GPS Schedule
2020-07-14 8:50,2020-07-14 2:50,2020-07-14,2:50:03,51.4134958,-114.3270227,1121.23,1,14,1.4,6,GPS Schedule
2020-07-14 8:55,2020-07-14 2:55,2020-07-14,2:55:02,51.4135103,-114.3271156,1131.46,0,13.5,1,8,GPS Schedule
2020-07-14 9:00,2020-07-14 3:00,2020-07-14,3:00:02,51.4135985,-114.3270084,1131.3,0,13.5,1,8,GPS Schedule
2020-07-14 9:05,2020-07-14 3:05,2020-07-14,3:05:02,51.4134798,-114.3270701,1107.3,1,13.5,1,8,GPS Schedule
2020-07-14 9:10,2020-07-14 3:10,2020-07-14,3:10:02,51.4134531,-114.3270037,1116.07,1,13.5,1,8,GPS Schedule
2020-07-14 9:15,2020-07-14 3:15,2020-07-14,3:15:02,51.4133444,-114.3269246,1132.11,0,13.5,1.6,6,GPS Schedule
2020-07-14 9:20,2020-07-14 3:20,2020-07-14,3:20:02,51.4133944,-114.3269492,1117.44,0,13.5,1,8,GPS Schedule
2020-07-14 9:25,2020-07-14 3:25,2020-07-14,3:25:02,51.4135512,-114.3270383,1136.78,0,13.5,1.2,8,GPS Schedule
2020-07-14 9:30,2020-07-14 3:30,2020-07-14,3:30:02,51.4137835,-114.327031,1093.13,0,13.5,2.4,5,GPS Schedule
2020-07-14 9:35,2020-07-14 3:35,2020-07-14,3:35:02,51.4135118,-114.3271537,1130.05,0,14,1.2,6,GPS Schedule
2020-07-14 9:40,2020-07-14 3:40,2020-07-14,3:40:02,51.4134911,-114.3270098,1065.36,0,14,1.2,6,GPS Schedule
2020-07-14 9:45,2020-07-14 3:45,2020-07-14,3:45:02,51.4136247,-114.3269058,1117.46,0,14,1.2,7,GPS Schedule
2020-07-14 9:50,2020-07-14 3:50,2020-07-14,3:50:03,51.4135468,-114.327144,1125.66,1,14.5,1.2,5,GPS Schedule
2020-07-14 9:55,2020-07-14 3:55,2020-07-14,3:55:03,51.4136591,-114.3269594,1128.48,1,14,1.4,6,GPS Schedule
2020-07-14 10:00,2020-07-14 4:00,2020-07-14,4:00:02,51.4137104,-114.3270283,1130.32,0,14.5,1.6,5,GPS Schedule
2020-07-14 10:05,2020-07-14 4:05,2020-07-14,4:05:02,51.4136868,-114.3270873,1166.96,0,14.5,2,5,GPS Schedule
2020-07-14 10:10,2020-07-14 4:10,2020-07-14,4:10:03,51.4136872,-114.3270224,1128.54,1,14,1.4,5,GPS Schedule
2020-07-14 10:15,2020-07-14 4:15,2020-07-14,4:15:02,51.4134623,-114.3271459,1156.19,0,14,1.2,6,GPS Schedule
2020-07-14 10:20,2020-07-14 4:20,2020-07-14,4:20:06,51.4135461,-114.3270966,1137.24,4,14.5,1,7,GPS Schedule
2020-07-14 10:25,2020-07-14 4:25,2020-07-14,4:25:09,51.4136152,-114.327139,1120.86,7,14,1,7,GPS Schedule
2020-07-14 10:30,2020-07-14 4:30,2020-07-14,4:30:02,51.4135715,-114.3269052,1145.21,0,13.5,1,6,GPS Schedule
2020-07-14 10:35,2020-07-14 4:35,2020-07-14,4:35:02,51.4135255,-114.3271578,1162.09,0,13.5,1.4,5,GPS Schedule
2020-07-14 10:40,2020-07-14 4:40,2020-07-14,4:40:03,51.4136287,-114.3270586,1150.37,1,14,1.2,6,GPS Schedule
2020-07-14 10:45,2020-07-14 4:45,2020-07-14,4:45:35,51.4135462,-114.326912,1124.43,33,14,0.6,10,GPS Schedule
2020-07-14 10:50,2020-07-14 4:50,2020-07-14,4:50:02,51.4135297,-114.3269136,1145.09,0,13,1,6,GPS Schedule
2020-07-14 10:55,2020-07-14 4:55,2020-07-14,4:55:02,51.4135007,-114.3269753,1133.59,0,13,1.2,6,GPS Schedule
2020-07-14 11:00,2020-07-14 5:00,2020-07-14,5:00:02,51.4136545,-114.3269454,1142.97,0,13,2.4,5,GPS Schedule
2020-07-14 11:05,2020-07-14 5:05,2020-07-14,5:05:02,51.413489,-114.3269585,1120.56,0,13.5,0.8,7,GPS Schedule
2020-07-14 11:10,2020-07-14 5:10,2020-07-14,5:10:02,51.4135798,-114.3268365,1097.15,0,13,1,6,GPS Schedule
2020-07-14 11:15,2020-07-14 5:15,2020-07-14,5:15:02,51.413556,-114.3270676,1110.77,0,13,1,6,GPS Schedule
2020-07-14 11:20,2020-07-14 5:20,2020-07-14,5:20:02,51.4137179,-114.3272767,1124.54,0,12.5,1.4,6,GPS Schedule
2020-07-14 11:25,2020-07-14 5:25,2020-07-14,5:25:02,51.4141121,-114.3273542,1125.36,0,12,0.8,7,GPS Schedule
2020-07-14 11:30,2020-07-14 5:30,2020-07-14,5:30:02,51.4139393,-114.3276003,1161.18,0,11.5,1.2,5,GPS Schedule
2020-07-14 11:35,2020-07-14 5:35,2020-07-14,5:35:02,51.4138302,-114.3272857,1110.73,1,11.5,0.8,8,GPS Schedule
2020-07-14 11:40,2020-07-14 5:40,2020-07-14,5:40:02,51.4139689,-114.3274475,1132.96,0,11.5,1,6,GPS Schedule
2020-07-14 11:45,2020-07-14 5:45,2020-07-14,5:45:04,51.4139863,-114.3273275,1141.65,2,11.5,0.8,8,GPS Schedule
2020-07-14 11:50,2020-07-14 5:50,2020-07-14,5:50:02,51.4139573,-114.327329,1086.65,0,11,2,5,GPS Schedule
2020-07-14 11:51,2020-07-14 5:51,2020-07-14,5:51:14,51.4141375,-114.3274518,1132.06,0,11,1.2,6,Proximity GPS Schedule
2020-07-14 11:54,2020-07-14 5:54,2020-07-14,5:54:59,51.413856,-114.3272644,1053.43,0,10.5,1.8,5,GPS Schedule
2020-07-14 12:00,2020-07-14 6:00,2020-07-14,6:00:01,51.4140793,-114.3273664,1137.23,2,10.5,1,6,GPS Schedule
2020-07-14 12:05,2020-07-14 6:05,2020-07-14,6:05:03,51.41382,-114.3273698,1092.45,4,10,2.2,6,GPS Schedule
2020-07-14 12:10,2020-07-14 6:10,2020-07-14,6:10:04,51.4139084,-114.3274011,1120.42,5,9.5,2.4,6,GPS Schedule
2020-07-14 12:14,2020-07-14 6:14,2020-07-14,6:14:59,51.4142233,-114.3263941,1190.97,0,9.5,4.2,5,GPS Schedule
2020-07-14 12:20,2020-07-14 6:20,2020-07-14,6:20:00,51.4138368,-114.3266119,1079.44,1,10,1.8,5,GPS Schedule
2020-07-14 12:25,2020-07-14 6:25,2020-07-14,6:25:35,51.4140676,-114.3263981,1125.47,36,10.5,0.8,8,GPS Schedule
2020-07-14 12:29,2020-07-14 6:29,2020-07-14,6:29:59,51.4140652,-114.3263741,1111.61,0,10,0.8,8,GPS Schedule
2020-07-14 12:34,2020-07-14 6:34,2020-07-14,6:34:59,51.4139539,-114.3263863,1112.54,0,10,0.8,8,GPS Schedule
2020-07-14 12:39,2020-07-14 6:39,2020-07-14,6:39:59,51.4140017,-114.3263732,1118.54,1,10,0.8,8,GPS Schedule
2020-07-14 12:44,2020-07-14 6:44,2020-07-14,6:44:59,51.4140516,-114.326404,1121.78,0,10,1,7,GPS Schedule
2020-07-14 12:49,2020-07-14 6:49,2020-07-14,6:49:59,51.4141755,-114.3263066,1081.36,0,10.5,1.6,5,GPS Schedule
2020-07-14 12:54,2020-07-14 6:54,2020-07-14,6:54:59,51.4141334,-114.3264015,1126.03,0,11,1,7,GPS Schedule
2020-07-14 12:59,2020-07-14 6:59,2020-07-14,6:59:59,51.4141669,-114.3262341,1148.64,0,11,1.4,6,GPS Schedule
2020-07-14 13:04,2020-07-14 7:04,2020-07-14,7:04:59,51.4140962,-114.3265194,1126.78,0,11.5,1,7,GPS Schedule
2020-07-14 13:09,2020-07-14 7:09,2020-07-14,7:09:59,51.4139949,-114.3271713,1119.14,0,11.5,1,7,GPS Schedule
2020-07-14 13:14,2020-07-14 7:14,2020-07-14,7:14:59,51.4133286,-114.3277037,1132.24,1,12,1,8,GPS Schedule
2020-07-14 13:19,2020-07-14 7:19,2020-07-14,7:19:59,51.4135027,-114.3274037,1144.92,0,12,1.2,7,GPS Schedule
2020-07-14 13:24,2020-07-14 7:24,2020-07-14,7:24:59,51.4132836,-114.3278054,1159.26,0,12.5,1,7,GPS Schedule
2020-07-14 13:29,2020-07-14 7:29,2020-07-14,7:29:59,51.4135299,-114.3276391,1141.23,0,12.5,1.2,6,GPS Schedule
2020-07-14 13:34,2020-07-14 7:34,2020-07-14,7:34:59,51.4134531,-114.3276095,1137.82,0,12.5,1,7,GPS Schedule
2020-07-14 13:39,2020-07-14 7:39,2020-07-14,7:39:59,51.4135221,-114.3276366,1132.97,0,12.5,1,6,GPS Schedule
2020-07-14 13:44,2020-07-14 7:44,2020-07-14,7:44:59,51.4135826,-114.327683,1145.51,0,13,1,7,GPS Schedule
2020-07-14 13:49,2020-07-14 7:49,2020-07-14,7:49:59,51.4139179,-114.3274784,1122.13,0,13,3.8,5,GPS Schedule
2020-07-14 13:55,2020-07-14 7:55,2020-07-14,7:55:00,51.4135624,-114.3266926,1161.37,1,13.5,10.8,4,GPS Schedule
2020-07-14 13:59,2020-07-14 7:59,2020-07-14,7:59:59,51.4137055,-114.3264672,1143.55,0,14.5,1.2,6,GPS Schedule
2020-07-14 14:04,2020-07-14 8:04,2020-07-14,8:04:59,51.4136404,-114.3266632,1125.02,0,14.5,2,5,GPS Schedule
2020-07-14 14:09,2020-07-14 8:09,2020-07-14,8:09:59,51.4134779,-114.3263238,1143.29,0,14,1.2,6,GPS Schedule
2020-07-14 14:14,2020-07-14 8:14,2020-07-14,8:14:59,51.4135151,-114.3264472,1133.59,0,14.5,1,5,GPS Schedule
2020-07-14 14:20,2020-07-14 8:20,2020-07-14,8:20:01,51.4136725,-114.3264101,1141.36,2,15,2.6,4,GPS Schedule
2020-07-14 14:26,2020-07-14 8:26,2020-07-14,8:26:06,51.4149333,-114.3264826,1120.26,67,16,1.4,6,GPS Schedule
2020-07-14 14:30,2020-07-14 8:30,2020-07-14,8:30:03,51.4148792,-114.326559,1128.89,4,15.5,1.4,6,GPS Schedule
2020-07-14 14:35,2020-07-14 8:35,2020-07-14,8:35:09,51.4149714,-114.3266398,1133.5,10,17,1.2,6,GPS Schedule
2020-07-14 14:40,2020-07-14 8:40,2020-07-14,8:40:14,51.4151642,-114.3266712,1121.5,15,17.5,2.8,5,GPS Schedule
2020-07-14 14:45,2020-07-14 8:45,2020-07-14,8:45:01,51.4147353,-114.326145,1102.01,2,18.5,1.2,6,GPS Schedule
2020-07-14 14:50,2020-07-14 8:50,2020-07-14,8:50:01,51.414952,-114.3266482,1136.5,2,18.5,1.6,5,GPS Schedule
2020-07-14 14:54,2020-07-14 8:54,2020-07-14,8:54:59,51.4146384,-114.3268093,1056.89,0,19,3.4,5,GPS Schedule
2020-07-14 15:00,2020-07-14 9:00,2020-07-14,9:00:02,51.4149812,-114.3264433,1124.96,3,20,1.8,5,GPS Schedule
2020-07-14 15:05,2020-07-14 9:05,2020-07-14,9:05:03,51.4149426,-114.3264817,1137.34,4,20.5,2.2,5,GPS Schedule
2020-07-14 15:10,2020-07-14 9:10,2020-07-14,9:10:00,51.4154492,-114.3267293,1088.52,1,20.5,3,5,GPS Schedule
2020-07-14 15:15,2020-07-14 9:15,2020-07-14,9:15:09,51.4159172,-114.326882,1112.22,10,19.5,2.8,5,GPS Schedule
2020-07-14 15:20,2020-07-14 9:20,2020-07-14,9:20:02,51.4162432,-114.3265386,1113.98,4,19,2.6,5,GPS Schedule
2020-07-14 15:25,2020-07-14 9:25,2020-07-14,9:25:33,51.4164062,-114.3261972,1135.33,34,19.5,4.2,5,GPS Schedule
2020-07-14 15:30,2020-07-14 9:30,2020-07-14,9:30:11,51.4162619,-114.326283,1121.28,12,19.5,4,5,GPS Schedule
2020-07-14 15:35,2020-07-14 9:35,2020-07-14,9:35:13,51.4152496,-114.3264878,1124.16,14,20,3.6,5,GPS Schedule
2020-07-14 15:39,2020-07-14 9:39,2020-07-14,9:39:59,51.4151243,-114.3263285,1110.97,0,20.5,3.2,5,GPS Schedule
2020-07-14 15:45,2020-07-14 9:45,2020-07-14,9:45:04,51.4159333,-114.3263457,1126.14,5,20.5,3,5,GPS Schedule
2020-07-14 15:50,2020-07-14 9:50,2020-07-14,9:50:00,51.415672,-114.3263393,1126.31,2,20.5,2.6,5,GPS Schedule
2020-07-14 15:55,2020-07-14 9:55,2020-07-14,9:55:01,51.4148247,-114.3264665,1132.45,2,20.5,2.4,5,GPS Schedule
2020-07-14 16:00,2020-07-14 10:00,2020-07-14,10:00:00,51.4147857,-114.3263925,1118.01,1,21,3.6,4,GPS Schedule
2020-07-14 16:05,2020-07-14 10:05,2020-07-14,10:05:54,51.4148763,-114.3264137,1117.64,55,22.5,1.6,6,GPS Schedule
2020-07-14 16:10,2020-07-14 10:10,2020-07-14,10:10:00,51.4148291,-114.3264022,1133.34,1,23,1.6,6,GPS Schedule
2020-07-14 16:15,2020-07-14 10:15,2020-07-14,10:15:00,51.4148874,-114.3265506,1124.33,1,23,1.8,5,GPS Schedule
2020-07-14 16:20,2020-07-14 10:20,2020-07-14,10:20:00,51.4150649,-114.326737,1130.32,1,23,2,5,GPS Schedule
2020-07-14 16:24,2020-07-14 10:24,2020-07-14,10:24:59,51.4153926,-114.3260813,1158.79,0,23,3.4,5,GPS Schedule
2020-07-14 16:30,2020-07-14 10:30,2020-07-14,10:30:00,51.4153445,-114.3265816,1129.81,1,22.5,1.8,6,GPS Schedule
2020-07-14 16:35,2020-07-14 10:35,2020-07-14,10:35:03,51.4152275,-114.3264894,1144.03,4,22.5,1.8,6,GPS Schedule
2020-07-14 16:40,2020-07-14 10:40,2020-07-14,10:40:00,51.414868,-114.3266005,1117.1,1,22,2.4,5,GPS Schedule
2020-07-14 16:45,2020-07-14 10:45,2020-07-14,10:45:00,51.4147046,-114.326338,1116.26,1,21.5,2.6,5,GPS Schedule
2020-07-14 16:50,2020-07-14 10:50,2020-07-14,10:50:00,51.4152795,-114.3267426,1139.41,1,21.5,2,6,GPS Schedule
2020-07-14 16:55,2020-07-14 10:55,2020-07-14,10:55:02,51.4152663,-114.3268245,1132.91,3,21.5,3.4,5,GPS Schedule
2020-07-14 17:00,2020-07-14 11:00,2020-07-14,11:00:58,51.4153331,-114.3268014,1112.91,59,22,1.4,7,GPS Schedule
2020-07-14 17:05,2020-07-14 11:05,2020-07-14,11:05:00,51.4154475,-114.3268606,1114.26,1,21.5,1.6,6,GPS Schedule
2020-07-14 17:10,2020-07-14 11:10,2020-07-14,11:10:00,51.4152928,-114.3266695,1116.48,1,21.5,1.8,6,GPS Schedule
2020-07-14 17:15,2020-07-14 11:15,2020-07-14,11:15:00,51.4152778,-114.3267722,1131.88,1,21.5,1.8,6,GPS Schedule
2020-07-14 17:19,2020-07-14 11:19,2020-07-14,11:19:26,51.4158593,-114.326646,1146.79,0,22,1.6,6,Proximity GPS Schedule
2020-07-14 17:19,2020-07-14 11:19,2020-07-14,11:19:59,51.41599,-114.3266191,1124.95,0,22,2,6,GPS Schedule
2020-07-14 17:24,2020-07-14 11:24,2020-07-14,11:24:59,51.4162334,-114.3269763,1113.57,0,22.5,2.2,6,GPS Schedule
2020-07-14 17:29,2020-07-14 11:29,2020-07-14,11:29:59,51.4157305,-114.3269026,1108.33,0,22.5,2.6,5,GPS Schedule
2020-07-14 17:35,2020-07-14 11:35,2020-07-14,11:35:00,51.4158515,-114.3269001,1118.05,1,22.5,2.8,6,GPS Schedule
2020-07-14 17:39,2020-07-14 11:39,2020-07-14,11:39:59,51.4157861,-114.3269964,1108.51,0,22.5,3.2,6,GPS Schedule
2020-07-14 17:45,2020-07-14 11:45,2020-07-14,11:45:00,51.4163661,-114.326826,1106.9,1,23,3.6,6,GPS Schedule
2020-07-14 17:49,2020-07-14 11:49,2020-07-14,11:49:59,51.4159874,-114.3264403,1164.84,0,23,4.6,5,GPS Schedule
2020-07-14 17:55,2020-07-14 11:55,2020-07-14,11:55:00,51.4160459,-114.3266039,1144.29,1,23,5.4,4,GPS Schedule
2020-07-14 18:00,2020-07-14 12:00,2020-07-14,12:00:35,51.4148693,-114.3264234,1125.94,36,23.5,1,8,GPS Schedule
2020-07-14 18:04,2020-07-14 12:04,2020-07-14,12:04:59,51.4148752,-114.3265771,1143.32,0,23,1,7,GPS Schedule
2020-07-14 18:09,2020-07-14 12:09,2020-07-14,12:09:59,51.4149784,-114.3266778,1132.88,0,23.5,1.2,7,GPS Schedule
2020-07-14 18:15,2020-07-14 12:15,2020-07-14,12:15:04,51.4149739,-114.3265558,1096.18,5,23.5,1.8,5,GPS Schedule
2020-07-14 18:19,2020-07-14 12:19,2020-07-14,12:19:59,51.4148737,-114.3263177,1137.06,0,22.5,1.6,6,GPS Schedule
2020-07-14 18:24,2020-07-14 12:24,2020-07-14,12:24:59,51.414819,-114.3263972,1117.61,0,23,1,7,GPS Schedule
2020-07-14 18:29,2020-07-14 12:29,2020-07-14,12:29:59,51.4148848,-114.3264006,1118.16,0,23,1.2,7,GPS Schedule
2020-07-14 18:35,2020-07-14 12:35,2020-07-14,12:35:00,51.4149058,-114.3265624,1123.97,1,23,1,7,GPS Schedule
2020-07-14 18:40,2020-07-14 12:40,2020-07-14,12:40:01,51.4149111,-114.3265257,1129.9,2,23,1,8,GPS Schedule
2020-07-14 18:44,2020-07-14 12:44,2020-07-14,12:44:59,51.4149543,-114.3260989,1147.82,0,23.5,1.2,6,GPS Schedule
2020-07-14 18:50,2020-07-14 12:50,2020-07-14,12:50:01,51.4148883,-114.3264259,1135.76,2,23.5,1,8,GPS Schedule
2020-07-14 18:54,2020-07-14 12:54,2020-07-14,12:54:59,51.414794,-114.3263994,1101.92,0,23.5,1.4,5,GPS Schedule
2020-07-14 19:00,2020-07-14 13:00,2020-07-14,13:00:00,51.4148418,-114.3265447,1119.42,1,23.5,1.6,6,GPS Schedule
2020-07-14 19:05,2020-07-14 13:05,2020-07-14,13:05:00,51.414845,-114.3264855,1134.49,1,23,1.2,7,GPS Schedule
2020-07-14 19:09,2020-07-14 13:09,2020-07-14,13:09:59,51.41491,-114.3267368,1163.26,0,23.5,1.2,6,GPS Schedule
2020-07-14 19:15,2020-07-14 13:15,2020-07-14,13:15:01,51.4151012,-114.3267915,1125.82,2,23.5,2.8,5,GPS Schedule
2020-07-14 19:19,2020-07-14 13:19,2020-07-14,13:19:59,51.4155812,-114.3265668,1065.29,0,23.5,1.6,5,GPS Schedule
2020-07-14 19:24,2020-07-14 13:24,2020-07-14,13:24:59,51.4141271,-114.3263315,1200.79,0,24,1.8,5,GPS Schedule
2020-07-14 19:30,2020-07-14 13:30,2020-07-14,13:30:00,51.4148588,-114.3263664,1126.87,1,24,1,7,GPS Schedule
2020-07-14 19:34,2020-07-14 13:34,2020-07-14,13:34:59,51.4148347,-114.3261861,1214.72,0,24,1.8,5,GPS Schedule
2020-07-14 19:35,2020-07-14 13:35,2020-07-14,13:35:17,51.4149075,-114.32645,1151.97,0,24,1.2,6,Proximity GPS Schedule
2020-07-14 19:40,2020-07-14 13:40,2020-07-14,13:40:00,51.415013,-114.3262993,1122.13,1,24.5,1.2,6,GPS Schedule
2020-07-14 19:45,2020-07-14 13:45,2020-07-14,13:45:00,51.4149054,-114.326352,1129.13,1,25,1.2,6,GPS Schedule
2020-07-14 19:50,2020-07-14 13:50,2020-07-14,13:50:00,51.4148825,-114.3265413,1133.72,1,25.5,1,7,GPS Schedule
2020-07-14 19:54,2020-07-14 13:54,2020-07-14,13:54:59,51.4149888,-114.3267673,1151.15,0,25,1.2,6,GPS Schedule
2020-07-14 19:59,2020-07-14 13:59,2020-07-14,13:59:59,51.4150231,-114.3266625,1150.66,0,25,1.2,5,GPS Schedule
2020-07-14 20:05,2020-07-14 14:05,2020-07-14,14:05:33,51.4150937,-114.3267429,1132.88,34,25.5,2,6,GPS Schedule
2020-07-14 20:10,2020-07-14 14:10,2020-07-14,14:10:13,51.41516,-114.3268676,1130.83,14,25,1.8,6,GPS Schedule
2020-07-14 20:14,2020-07-14 14:14,2020-07-14,14:14:59,51.4149298,-114.3270217,1134.64,0,25,2.2,5,GPS Schedule
2020-07-14 20:20,2020-07-14 14:20,2020-07-14,14:20:00,51.4160101,-114.3262647,1125.72,1,25.5,8.2,4,GPS Schedule
2020-07-14 20:25,2020-07-14 14:25,2020-07-14,14:25:36,51.4164198,-114.3263671,1126.44,37,25.5,2.2,5,GPS Schedule
2020-07-14 20:30,2020-07-14 14:30,2020-07-14,14:30:00,51.4163329,-114.3265386,1126.48,1,25.5,5,4,GPS Schedule
2020-07-14 20:35,2020-07-14 14:35,2020-07-14,14:35:53,51.4162367,-114.3266696,1119.67,54,26.5,2,6,GPS Schedule
2020-07-14 20:40,2020-07-14 14:40,2020-07-14,14:40:05,51.4162621,-114.3267672,1126.37,6,26,2.4,4,GPS Schedule
2020-07-14 20:46,2020-07-14 14:46,2020-07-14,14:46:10,51.4079774,-114.3261278,0.48,70,26.5,4,3,GPS Schedule
2020-07-14 20:51,2020-07-14 14:51,2020-07-14,14:51:05,51.4162153,-114.3268077,1125.41,66,26.5,2.4,5,GPS Schedule
2020-07-14 20:54,2020-07-14 14:54,2020-07-14,14:54:59,51.4161906,-114.3268115,1132.72,0,26,2.4,5,GPS Schedule
2020-07-14 20:59,2020-07-14 14:59,2020-07-14,14:59:59,51.4157758,-114.326824,1110.7,0,26,2.4,5,GPS Schedule
2020-07-14 21:05,2020-07-14 15:05,2020-07-14,15:05:00,51.4149793,-114.326284,1128.97,1,26.5,2.4,5,GPS Schedule
2020-07-14 21:09,2020-07-14 15:09,2020-07-14,15:09:59,51.4148815,-114.3264031,1124.86,0,26.5,2.2,5,GPS Schedule
2020-07-14 21:11,2020-07-14 15:11,2020-07-14,15:11:09,51.415168,-114.326375,1121.17,0,26.5,2.2,5,Proximity GPS Schedule
2020-07-14 21:15,2020-07-14 15:15,2020-07-14,15:15:01,51.4159041,-114.3262815,1122.34,2,26.5,2.6,4,GPS Schedule
2020-07-14 21:20,2020-07-14 15:20,2020-07-14,15:20:36,51.4157863,-114.3262248,1127.68,37,26.5,1.4,5,GPS Schedule
2020-07-14 21:24,2020-07-14 15:24,2020-07-14,15:24:59,51.4155774,-114.3264946,1152.62,0,26,1.4,5,GPS Schedule
2020-07-14 21:30,2020-07-14 15:30,2020-07-14,15:30:00,51.4147978,-114.3266613,1115.65,1,25.5,1.4,5,GPS Schedule
2020-07-14 21:35,2020-07-14 15:35,2020-07-14,15:35:00,51.4142179,-114.3263428,1117.25,1,25.5,1.4,5,GPS Schedule
2020-07-14 21:39,2020-07-14 15:39,2020-07-14,15:39:59,51.4141267,-114.3265649,1150.93,0,26,1.4,5,GPS Schedule
2020-07-14 21:44,2020-07-14 15:44,2020-07-14,15:44:59,51.414199,-114.3267553,1098.46,0,25.5,1.4,5,GPS Schedule
2020-07-14 21:50,2020-07-14 15:50,2020-07-14,15:50:01,51.4144802,-114.3265352,1133.62,2,25.5,1.4,5,GPS Schedule
2020-07-14 21:55,2020-07-14 15:55,2020-07-14,15:55:00,51.414277,-114.3263036,1123.51,1,25.5,1.6,4,GPS Schedule
2020-07-14 22:00,2020-07-14 16:00,2020-07-14,16:00:33,51.4143185,-114.3264582,1130.06,34,26,1,8,GPS Schedule
2020-07-14 22:05,2020-07-14 16:05,2020-07-14,16:05:11,51.4143489,-114.3265237,1137.6,12,25.5,1.4,6,GPS Schedule
2020-07-14 22:10,2020-07-14 16:10,2020-07-14,16:10:11,51.4143195,-114.32659,1121.02,12,25.5,1.4,6,GPS Schedule
2020-07-14 22:15,2020-07-14 16:15,2020-07-14,16:15:11,51.4144879,-114.3266683,1129.09,12,25.5,1,8,GPS Schedule
2020-07-14 22:20,2020-07-14 16:20,2020-07-14,16:20:11,51.414812,-114.3265176,1129.74,12,25.5,1,8,GPS Schedule
2020-07-14 22:25,2020-07-14 16:25,2020-07-14,16:25:11,51.4148206,-114.3263676,1125.14,12,25.5,1,8,GPS Schedule
2020-07-14 22:30,2020-07-14 16:30,2020-07-14,16:30:11,51.4142607,-114.3268722,1128.8,12,26,1.2,6,GPS Schedule
2020-07-14 22:35,2020-07-14 16:35,2020-07-14,16:35:13,51.4143542,-114.3269217,1117.94,14,26,1,7,GPS Schedule
2020-07-14 22:39,2020-07-14 16:39,2020-07-14,16:39:59,51.4142636,-114.3264657,1143.9,0,25.5,2.4,5,GPS Schedule
2020-07-14 22:44,2020-07-14 16:44,2020-07-14,16:44:59,51.4142263,-114.3263775,1125.45,0,25,1.2,5,GPS Schedule
2020-07-14 22:50,2020-07-14 16:50,2020-07-14,16:50:00,51.4157622,-114.3263021,1124.7,1,25.5,1,7,GPS Schedule
2020-07-14 22:52,2020-07-14 16:52,2020-07-14,16:52:11,51.4158164,-114.3262473,1122.45,1,25.5,1.2,6,Proximity GPS Schedule
2020-07-14 22:54,2020-07-14 16:54,2020-07-14,16:54:59,51.4157642,-114.326185,1157.78,0,25.5,1.4,6,GPS Schedule
2020-07-14 22:59,2020-07-14 16:59,2020-07-14,16:59:59,51.4158267,-114.3263305,1122.81,0,25.5,2.2,5,GPS Schedule
2020-07-14 23:04,2020-07-14 17:04,2020-07-14,17:04:59,51.4145761,-114.3265673,1146.85,0,26,2,5,GPS Schedule
2020-07-14 23:09,2020-07-14 17:09,2020-07-14,17:09:59,51.4141308,-114.3262515,1119.86,0,26,1,7,GPS Schedule
2020-07-14 23:14,2020-07-14 17:14,2020-07-14,17:14:59,51.4142167,-114.3263479,1131.42,0,26.5,1.2,6,GPS Schedule
2020-07-14 23:19,2020-07-14 17:19,2020-07-14,17:19:59,51.4143916,-114.3263428,1141.48,0,26.5,1.2,6,GPS Schedule
2020-07-14 23:24,2020-07-14 17:24,2020-07-14,17:24:59,51.414318,-114.3263307,1114.76,0,26.5,1.2,5,GPS Schedule
2020-07-14 23:29,2020-07-14 17:29,2020-07-14,17:29:59,51.4142541,-114.3263407,1134.51,0,26.5,1.2,5,GPS Schedule
2020-07-14 23:34,2020-07-14 17:34,2020-07-14,17:34:59,51.4140833,-114.3261907,1104.89,0,26.5,3.8,5,GPS Schedule
2020-07-14 23:40,2020-07-14 17:40,2020-07-14,17:40:01,51.414302,-114.3262951,1121.29,2,26.5,3.4,5,GPS Schedule
2020-07-14 23:45,2020-07-14 17:45,2020-07-14,17:45:00,51.4141729,-114.3263276,1122.52,1,26.5,3.2,4,GPS Schedule
2020-07-14 23:51,2020-07-14 17:51,2020-07-14,17:51:08,51.4142076,-114.3269698,1124.56,70,27.5,2.8,4,GPS Schedule
2020-07-14 23:55,2020-07-14 17:55,2020-07-14,17:55:33,51.4142983,-114.3268604,1136.97,34,27,2,6,GPS Schedule
2020-07-15 0:00,2020-07-14 18:00,2020-07-14,18:00:13,51.4146196,-114.3264275,1121.24,14,26.5,2,6,GPS Schedule
2020-07-15 0:04,2020-07-14 18:04,2020-07-14,18:04:59,51.414436,-114.3264492,1175.92,0,26.5,2,6,GPS Schedule
2020-07-15 0:10,2020-07-14 18:10,2020-07-14,18:10:00,51.4142896,-114.3268997,1137.74,1,26,2,6,GPS Schedule
2020-07-15 0:14,2020-07-14 18:14,2020-07-14,18:14:59,51.4147101,-114.3263631,1188.68,0,25.5,2.2,5,GPS Schedule
2020-07-15 0:19,2020-07-14 18:19,2020-07-14,18:19:59,51.4140328,-114.3266796,1097.86,0,25.5,2,5,GPS Schedule
2020-07-15 0:25,2020-07-14 18:25,2020-07-14,18:25:01,51.4139074,-114.3264573,1088.52,2,25.5,5.8,5,GPS Schedule
2020-07-15 0:29,2020-07-14 18:29,2020-07-14,18:29:59,51.4142224,-114.3264523,1118.12,0,25,5.2,5,GPS Schedule
2020-07-15 0:34,2020-07-14 18:34,2020-07-14,18:34:59,51.4141298,-114.3269542,1105.88,0,25.5,1.6,6,GPS Schedule
2020-07-15 0:40,2020-07-14 18:40,2020-07-14,18:40:02,51.4142949,-114.3269458,1123.21,3,25.5,1.6,6,GPS Schedule
2020-07-15 0:44,2020-07-14 18:44,2020-07-14,18:44:59,51.4148572,-114.3262654,1132.13,0,25,4.2,5,GPS Schedule
2020-07-15 0:49,2020-07-14 18:49,2020-07-14,18:49:59,51.4137467,-114.3263601,1082.32,0,25.5,5.8,5,GPS Schedule
2020-07-15 0:54,2020-07-14 18:54,2020-07-14,18:54:59,51.414849,-114.3263692,1152.05,0,25,3.6,5,GPS Schedule
2020-07-15 0:59,2020-07-14 18:59,2020-07-14,18:59:59,51.414865,-114.3263985,1127.6,0,25.5,1.4,6,GPS Schedule
2020-07-15 1:04,2020-07-14 19:04,2020-07-14,19:04:59,51.4146499,-114.3262302,1131.35,0,25,1.4,6,GPS Schedule
2020-07-15 1:09,2020-07-14 19:09,2020-07-14,19:09:59,51.4148556,-114.3264822,1090.05,0,25,3,5,GPS Schedule
2020-07-15 1:14,2020-07-14 19:14,2020-07-14,19:14:59,51.4143425,-114.3263594,1126.66,0,24.5,1.4,6,GPS Schedule
2020-07-15 1:19,2020-07-14 19:19,2020-07-14,19:19:59,51.4142749,-114.3262874,1150.56,0,25,2.8,5,GPS Schedule
2020-07-15 1:24,2020-07-14 19:24,2020-07-14,19:24:59,51.4152652,-114.3261823,1135.56,0,25,2.6,5,GPS Schedule
2020-07-15 1:29,2020-07-14 19:29,2020-07-14,19:29:59,51.4158809,-114.3265799,1107.76,0,25,2.6,5,GPS Schedule
2020-07-15 1:35,2020-07-14 19:35,2020-07-14,19:35:01,51.4159703,-114.3263432,1124.13,2,25.5,3,4,GPS Schedule
2020-07-15 1:40,2020-07-14 19:40,2020-07-14,19:40:35,51.4160208,-114.3262955,1123.49,36,26,1.4,7,GPS Schedule
2020-07-15 1:44,2020-07-14 19:44,2020-07-14,19:44:59,51.4160305,-114.3262774,1109.84,0,25.5,1.2,7,GPS Schedule
2020-07-15 1:49,2020-07-14 19:49,2020-07-14,19:49:59,51.4159707,-114.3262971,1139.45,1,25.5,1.4,6,GPS Schedule
2020-07-15 1:54,2020-07-14 19:54,2020-07-14,19:54:59,51.4160789,-114.3261595,1110.65,0,25.5,2.6,6,GPS Schedule
2020-07-15 1:59,2020-07-14 19:59,2020-07-14,19:59:59,51.4161362,-114.3262652,1108.13,0,25.5,1.2,7,GPS Schedule
2020-07-15 2:04,2020-07-14 20:04,2020-07-14,20:04:59,51.4160007,-114.3264087,1131.67,0,25.5,1.2,7,GPS Schedule
2020-07-15 2:09,2020-07-14 20:09,2020-07-14,20:09:59,51.4161382,-114.3261292,1087.48,0,25,2.2,6,GPS Schedule
2020-07-15 2:14,2020-07-14 20:14,2020-07-14,20:14:59,51.4159777,-114.3263766,1128.6,0,25.5,1.4,6,GPS Schedule
2020-07-15 2:19,2020-07-14 20:19,2020-07-14,20:19:59,51.4160994,-114.326317,1140.81,0,25.5,1.4,5,GPS Schedule
2020-07-15 2:24,2020-07-14 20:24,2020-07-14,20:24:59,51.4161343,-114.326258,1105.74,1,25.5,1.4,7,GPS Schedule
2020-07-15 2:29,2020-07-14 20:29,2020-07-14,20:29:59,51.4160105,-114.3263292,1144.87,0,26,1.4,7,GPS Schedule
2020-07-15 2:35,2020-07-14 20:35,2020-07-14,20:35:01,51.4146424,-114.3266919,1144.8,2,26,3.2,5,GPS Schedule
2020-07-15 2:41,2020-07-14 20:41,2020-07-14,20:41:04,51.4142957,-114.3268625,1124.41,65,26,2.2,5,GPS Schedule
2020-07-15 2:45,2020-07-14 20:45,2020-07-14,20:45:00,51.4142989,-114.326293,1133.08,1,25,3.8,4,GPS Schedule
2020-07-15 2:50,2020-07-14 20:50,2020-07-14,20:50:59,51.4148863,-114.3263081,1129.54,60,25,1,7,GPS Schedule
2020-07-15 2:55,2020-07-14 20:55,2020-07-14,20:55:01,51.4148634,-114.3263389,1122.62,2,24.5,2,5,GPS Schedule
2020-07-15 2:59,2020-07-14 20:59,2020-07-14,20:59:59,51.4148895,-114.3263317,1124.14,0,23.5,2,5,GPS Schedule
2020-07-15 3:04,2020-07-14 21:04,2020-07-14,21:04:59,51.4149104,-114.3259265,1145.32,0,24,1.4,5,GPS Schedule
2020-07-15 3:10,2020-07-14 21:10,2020-07-14,21:10:00,51.4159081,-114.3263174,1133.5,1,23.5,2.6,5,GPS Schedule
2020-07-15 3:15,2020-07-14 21:15,2020-07-14,21:15:00,51.4150592,-114.3264742,1132.11,1,23.5,2.6,5,GPS Schedule
2020-07-15 3:19,2020-07-14 21:19,2020-07-14,21:19:59,51.4145246,-114.3263122,1109.21,0,23.5,1.6,5,GPS Schedule
2020-07-15 3:25,2020-07-14 21:25,2020-07-14,21:25:03,51.4142107,-114.3264894,1130.68,4,22.5,3,4,GPS Schedule
2020-07-15 3:30,2020-07-14 21:30,2020-07-14,21:30:59,51.4142058,-114.3266322,1133.68,60,22.5,3.4,5,GPS Schedule
2020-07-15 3:35,2020-07-14 21:35,2020-07-14,21:35:01,51.4145258,-114.3260822,1022.11,2,21.5,1.8,5,GPS Schedule
2020-07-15 3:40,2020-07-14 21:40,2020-07-14,21:40:34,51.4163259,-114.3265006,1127.11,35,21,2.4,5,GPS Schedule
2020-07-15 3:45,2020-07-14 21:45,2020-07-14,21:45:11,51.416233,-114.3266767,1121.28,12,19,2.2,5,GPS Schedule
2020-07-15 3:50,2020-07-14 21:50,2020-07-14,21:50:13,51.4161184,-114.3268436,1122.5,14,18.5,2,5,GPS Schedule
2020-07-15 3:54,2020-07-14 21:54,2020-07-14,21:54:59,51.4158694,-114.3266322,1108.79,0,17.5,2,5,GPS Schedule
2020-07-15 4:00,2020-07-14 22:00,2020-07-14,22:00:00,51.415742,-114.3268565,1125.21,1,16.5,1.8,5,GPS Schedule
2020-07-15 4:04,2020-07-14 22:04,2020-07-14,22:04:59,51.4155005,-114.3267,1122.35,0,16,1.8,5,GPS Schedule
2020-07-15 4:09,2020-07-14 22:09,2020-07-14,22:09:59,51.4156074,-114.3265874,1091.11,0,15.5,1.8,5,GPS Schedule
2020-07-15 4:15,2020-07-14 22:15,2020-07-14,22:15:06,51.4157468,-114.3267399,1123.51,7,15,1.8,5,GPS Schedule
2020-07-15 4:19,2020-07-14 22:19,2020-07-14,22:19:59,51.4162391,-114.3265641,1075.97,0,14.5,1.8,5,GPS Schedule
2020-07-15 4:20,2020-07-14 22:20,2020-07-14,22:20:16,51.4157867,-114.3263309,1136.6,1,14.5,1.8,5,Proximity GPS Schedule
2020-07-15 4:24,2020-07-14 22:24,2020-07-14,22:24:59,51.4163424,-114.3263117,1140.99,0,14.5,2,5,GPS Schedule
2020-07-15 4:29,2020-07-14 22:29,2020-07-14,22:29:59,51.416253,-114.326659,1128.46,0,14.5,2,5,GPS Schedule
2020-07-15 4:35,2020-07-14 22:35,2020-07-14,22:35:00,51.4149216,-114.3266241,1118.73,1,14,2.4,4,GPS Schedule
2020-07-15 4:40,2020-07-14 22:40,2020-07-14,22:40:33,51.41421,-114.3263466,1126.9,34,14,1.2,8,GPS Schedule
2020-07-15 4:45,2020-07-14 22:45,2020-07-14,22:45:13,51.4147685,-114.3262928,1124.65,14,14.5,1.2,8,GPS Schedule
2020-07-15 4:49,2020-07-14 22:49,2020-07-14,22:49:59,51.4155775,-114.3265036,1123.19,1,14.5,1.2,8,GPS Schedule
2020-07-15 4:54,2020-07-14 22:54,2020-07-14,22:54:59,51.4155926,-114.3264351,1149.99,0,14,1.8,6,GPS Schedule
2020-07-15 4:59,2020-07-14 22:59,2020-07-14,22:59:59,51.415448,-114.3267479,1068.17,0,13,2.8,5,GPS Schedule
2020-07-15 5:04,2020-07-14 23:04,2020-07-14,23:04:59,51.4161425,-114.3263025,1197.12,0,12.5,7.4,5,GPS Schedule
2020-07-15 5:09,2020-07-14 23:09,2020-07-14,23:09:59,51.4162682,-114.3267363,1130.95,0,12,5,5,GPS Schedule
2020-07-15 5:15,2020-07-14 23:15,2020-07-14,23:15:00,51.4161723,-114.3265106,1134.35,1,11.5,1.6,6,GPS Schedule
2020-07-15 5:19,2020-07-14 23:19,2020-07-14,23:19:59,51.4158865,-114.3269444,1139.25,0,11.5,1.4,7,GPS Schedule
2020-07-15 5:24,2020-07-14 23:24,2020-07-14,23:24:59,51.4159179,-114.327031,1133.91,0,11.5,1.4,6,GPS Schedule
2020-07-15 5:29,2020-07-14 23:29,2020-07-14,23:29:59,51.4157329,-114.3268437,1142.65,0,12.5,1.6,6,GPS Schedule
2020-07-15 5:34,2020-07-14 23:34,2020-07-14,23:34:59,51.4156817,-114.3269485,1140.8,0,13,1.4,6,GPS Schedule
2020-07-15 5:39,2020-07-14 23:39,2020-07-14,23:39:59,51.41575,-114.3267636,1118.11,0,14,1.6,6,GPS Schedule
2020-07-15 5:44,2020-07-14 23:44,2020-07-14,23:44:59,51.4158394,-114.3268852,1147.27,0,14,1.2,7,GPS Schedule
2020-07-15 5:49,2020-07-14 23:49,2020-07-14,23:49:59,51.4156984,-114.3267686,1125.25,0,14.5,1.2,7,GPS Schedule
2020-07-15 5:54,2020-07-14 23:54,2020-07-14,23:54:59,51.4157891,-114.3268527,1121.03,0,15,1.2,7,GPS Schedule
2020-07-15 5:59,2020-07-14 23:59,2020-07-14,23:59:59,51.4159103,-114.3269132,1126.9,0,15.5,2,5,GPS Schedule
2020-07-15 6:04,2020-07-15 0:04,2020-07-15,0:04:59,51.4158432,-114.3272452,1129.02,0,14.5,2.4,5,GPS Schedule
2020-07-15 6:10,2020-07-15 0:10,2020-07-15,0:10:02,51.4157375,-114.3269055,1135.85,3,14.5,1,7,GPS Schedule
2020-07-15 6:14,2020-07-15 0:14,2020-07-15,0:14:59,51.4158361,-114.3271919,1141.17,0,14,1.6,5,GPS Schedule
2020-07-15 6:20,2020-07-15 0:20,2020-07-15,0:20:01,51.4157814,-114.3270301,1130.67,2,14,2,4,GPS Schedule
2020-07-15 6:25,2020-07-15 0:25,2020-07-15,0:25:34,51.4156732,-114.3267555,1121.08,35,14.5,1.2,7,GPS Schedule
2020-07-15 6:30,2020-07-15 0:30,2020-07-15,0:30:11,51.4156688,-114.3267567,1124.04,12,14.5,1.2,7,GPS Schedule
2020-07-15 6:35,2020-07-15 0:35,2020-07-15,0:35:11,51.4156696,-114.3267627,1122.69,12,14.5,1.2,7,GPS Schedule
2020-07-15 6:40,2020-07-15 0:40,2020-07-15,0:40:11,51.4156578,-114.3267935,1117.33,12,14.5,1.2,7,GPS Schedule
2020-07-15 6:45,2020-07-15 0:45,2020-07-15,0:45:11,51.4156468,-114.326815,1122.16,12,14.5,1,8,GPS Schedule
2020-07-15 6:50,2020-07-15 0:50,2020-07-15,0:50:11,51.4156715,-114.3267698,1125.08,12,14.5,1,8,GPS Schedule
2020-07-15 6:55,2020-07-15 0:55,2020-07-15,0:55:11,51.4156593,-114.3267901,1126.16,12,15,1,8,GPS Schedule
2020-07-15 7:00,2020-07-15 1:00,2020-07-15,1:00:13,51.4156675,-114.3267817,1121.6,14,15,1,8,GPS Schedule
2020-07-15 7:04,2020-07-15 1:04,2020-07-15,1:04:59,51.4156693,-114.3266782,1120.15,0,15.5,5.2,5,GPS Schedule
2020-07-15 7:10,2020-07-15 1:10,2020-07-15,1:10:06,51.4156896,-114.3267863,1119.64,7,15.5,0.8,8,GPS Schedule
2020-07-15 7:14,2020-07-15 1:14,2020-07-15,1:14:59,51.4156013,-114.3267829,1115.96,0,14.5,1.2,7,GPS Schedule
2020-07-15 7:19,2020-07-15 1:19,2020-07-15,1:19:59,51.4156817,-114.3268315,1119.06,0,14.5,0.8,8,GPS Schedule
2020-07-15 7:24,2020-07-15 1:24,2020-07-15,1:24:59,51.4156464,-114.327061,1108.12,0,14.5,1.2,6,GPS Schedule
2020-07-15 7:29,2020-07-15 1:29,2020-07-15,1:29:59,51.4157459,-114.3268231,1122.31,0,14.5,1,7,GPS Schedule
2020-07-15 7:34,2020-07-15 1:34,2020-07-15,1:34:59,51.4157446,-114.3268003,1112.19,0,14,1,6,GPS Schedule
2020-07-15 7:39,2020-07-15 1:39,2020-07-15,1:39:59,51.4158055,-114.3264487,1145.17,0,13.5,1.2,6,GPS Schedule
2020-07-15 7:44,2020-07-15 1:44,2020-07-15,1:44:59,51.4151355,-114.32637,1102.3,0,12.5,2.2,6,GPS Schedule
2020-07-15 7:49,2020-07-15 1:49,2020-07-15,1:49:59,51.41593,-114.3265004,1126.43,0,11.5,3.2,5,GPS Schedule
2020-07-15 7:54,2020-07-15 1:54,2020-07-15,1:54:59,51.416046,-114.3266669,1140.44,0,10.5,3,5,GPS Schedule
2020-07-15 7:59,2020-07-15 1:59,2020-07-15,1:59:59,51.4161921,-114.3262788,1081.42,0,10,4.6,5,GPS Schedule
2020-07-15 8:05,2020-07-15 2:05,2020-07-15,2:05:00,51.4160969,-114.3268359,1152.55,1,10,3.8,4,GPS Schedule
2020-07-15 8:10,2020-07-15 2:10,2020-07-15,2:10:35,51.4158094,-114.326761,1119.23,36,10,1,8,GPS Schedule
2020-07-15 8:14,2020-07-15 2:14,2020-07-15,2:14:59,51.4158421,-114.3268443,1122.72,0,10,1.4,6,GPS Schedule
2020-07-15 8:19,2020-07-15 2:19,2020-07-15,2:19:59,51.4157778,-114.3268312,1113.08,0,10,1.4,6,GPS Schedule
2020-07-15 8:24,2020-07-15 2:24,2020-07-15,2:24:59,51.4158102,-114.3271127,1094.85,0,10,1.4,6,GPS Schedule
2020-07-15 8:29,2020-07-15 2:29,2020-07-15,2:29:59,51.4158529,-114.3271317,1100.01,0,10.5,2,5,GPS Schedule
2020-07-15 8:34,2020-07-15 2:34,2020-07-15,2:34:59,51.4159107,-114.3268131,1116.63,0,10.5,1.4,6,GPS Schedule
2020-07-15 8:39,2020-07-15 2:39,2020-07-15,2:39:59,51.4157699,-114.3267872,1115.06,0,11,1.4,6,GPS Schedule
2020-07-15 8:45,2020-07-15 2:45,2020-07-15,2:45:00,51.415841,-114.3268845,1108.75,1,11,1.4,6,GPS Schedule
2020-07-15 8:50,2020-07-15 2:50,2020-07-15,2:50:00,51.4158741,-114.3267632,1116.05,1,11,2.6,5,GPS Schedule
2020-07-15 8:55,2020-07-15 2:55,2020-07-15,2:55:00,51.4158614,-114.3268143,1113.34,1,11.5,2.2,5,GPS Schedule
2020-07-15 8:59,2020-07-15 2:59,2020-07-15,2:59:59,51.4159947,-114.3269311,1079.75,0,11.5,1.6,6,GPS Schedule
2020-07-15 9:04,2020-07-15 3:04,2020-07-15,3:04:59,51.4156121,-114.3267309,1134.19,0,11,1.8,5,GPS Schedule
2020-07-15 9:09,2020-07-15 3:09,2020-07-15,3:09:59,51.415891,-114.3264039,1175.95,0,11.5,2.8,5,GPS Schedule
2020-07-15 9:14,2020-07-15 3:14,2020-07-15,3:14:59,51.4159606,-114.3268502,1137.79,0,11,1.6,6,GPS Schedule
2020-07-15 9:19,2020-07-15 3:19,2020-07-15,3:19:59,51.4156363,-114.3268976,1080.87,0,11,2,5,GPS Schedule
2020-07-15 9:24,2020-07-15 3:24,2020-07-15,3:24:59,51.4159248,-114.3267585,1128.17,0,11,2,5,GPS Schedule
2020-07-15 9:29,2020-07-15 3:29,2020-07-15,3:29:59,51.4158528,-114.326958,1100.03,0,11,2.2,5,GPS Schedule
2020-07-15 9:34,2020-07-15 3:34,2020-07-15,3:34:59,51.4159149,-114.3265463,1163.59,0,11,2.2,5,GPS Schedule
2020-07-15 9:39,2020-07-15 3:39,2020-07-15,3:39:59,51.4159879,-114.3269839,1100.82,0,11,2.4,5,GPS Schedule
2020-07-15 9:44,2020-07-15 3:44,2020-07-15,3:44:59,51.4158636,-114.326671,1145.12,0,11.5,2.6,5,GPS Schedule
2020-07-15 9:49,2020-07-15 3:49,2020-07-15,3:49:59,51.4159086,-114.3270257,1098.91,0,11,2.6,5,GPS Schedule
2020-07-15 9:54,2020-07-15 3:54,2020-07-15,3:54:59,51.4159752,-114.3266541,1149.29,0,10.5,2.6,5,GPS Schedule
2020-07-15 10:00,2020-07-15 4:00,2020-07-15,4:00:01,51.4159687,-114.3267311,1129.39,2,11,3.2,4,GPS Schedule
2020-07-15 10:05,2020-07-15 4:05,2020-07-15,4:05:35,51.4158409,-114.3267801,1122.83,36,12,0.8,9,GPS Schedule
2020-07-15 10:09,2020-07-15 4:09,2020-07-15,4:09:59,51.4159269,-114.326781,1119.03,0,12,0.8,9,GPS Schedule
2020-07-15 10:14,2020-07-15 4:14,2020-07-15,4:14:59,51.415809,-114.3267657,1114.14,0,12,0.8,9,GPS Schedule
2020-07-15 10:20,2020-07-15 4:20,2020-07-15,4:20:01,51.4158737,-114.3267741,1128.87,2,12,1.4,7,GPS Schedule
2020-07-15 10:25,2020-07-15 4:25,2020-07-15,4:25:00,51.4158287,-114.3267589,1134.14,1,13.5,0.8,8,GPS Schedule
2020-07-15 10:29,2020-07-15 4:29,2020-07-15,4:29:59,51.415779,-114.3267433,1119.37,0,14.5,0.8,9,GPS Schedule
2020-07-15 10:35,2020-07-15 4:35,2020-07-15,4:35:00,51.41581,-114.3267517,1129.41,1,15,1.4,5,GPS Schedule
2020-07-15 10:39,2020-07-15 4:39,2020-07-15,4:39:59,51.4157105,-114.3266791,1110.1,0,15,1,8,GPS Schedule
2020-07-15 10:44,2020-07-15 4:44,2020-07-15,4:44:59,51.4156707,-114.3267639,1126.43,0,14,1,9,GPS Schedule
2020-07-15 10:50,2020-07-15 4:50,2020-07-15,4:50:00,51.4156322,-114.3267698,1119.61,1,14.5,1,9,GPS Schedule
2020-07-15 10:54,2020-07-15 4:54,2020-07-15,4:54:59,51.4159409,-114.3268633,1135.7,0,14.5,2.8,6,GPS Schedule
2020-07-15 10:59,2020-07-15 4:59,2020-07-15,4:59:59,51.4157297,-114.3268615,1137.82,0,15,1,8,GPS Schedule
2020-07-15 11:04,2020-07-15 5:04,2020-07-15,5:04:59,51.4156907,-114.3269397,1116.98,1,15.5,1.2,7,GPS Schedule
2020-07-15 11:09,2020-07-15 5:09,2020-07-15,5:09:59,51.4157446,-114.3268481,1119.87,0,15.5,1,8,GPS Schedule
2020-07-15 11:14,2020-07-15 5:14,2020-07-15,5:14:59,51.41558,-114.3267427,1126.8,0,15.5,2,6,GPS Schedule
2020-07-15 11:20,2020-07-15 5:20,2020-07-15,5:20:00,51.4157694,-114.3269135,1126.62,1,15.5,2,7,GPS Schedule
2020-07-15 11:24,2020-07-15 5:24,2020-07-15,5:24:59,51.4158409,-114.3269447,1152.25,1,15.5,2.8,6,GPS Schedule
2020-07-15 11:29,2020-07-15 5:29,2020-07-15,5:29:59,51.4156647,-114.3266642,1134.64,0,15.5,2.4,6,GPS Schedule
2020-07-15 11:34,2020-07-15 5:34,2020-07-15,5:34:59,51.4155714,-114.3265885,1144.2,0,15.5,1.4,6,GPS Schedule
2020-07-15 11:39,2020-07-15 5:39,2020-07-15,5:39:59,51.4157563,-114.3268586,1114.99,0,15.5,1.4,6,GPS Schedule
2020-07-15 11:44,2020-07-15 5:44,2020-07-15,5:44:59,51.4157159,-114.3269051,1113.46,0,15.5,1.4,6,GPS Schedule
2020-07-15 11:49,2020-07-15 5:49,2020-07-15,5:49:59,51.4157793,-114.3269385,1125.74,0,15.5,2.8,5,GPS Schedule
2020-07-15 11:54,2020-07-15 5:54,2020-07-15,5:54:59,51.4156156,-114.3267022,1126.2,0,15.5,2.6,5,GPS Schedule
2020-07-15 11:59,2020-07-15 5:59,2020-07-15,5:59:59,51.4156556,-114.3267433,1102.18,0,15.5,2.6,5,GPS Schedule
2020-07-15 12:04,2020-07-15 6:04,2020-07-15,6:04:59,51.4158832,-114.3267056,1154.89,0,15,2.6,5,GPS Schedule
2020-07-15 12:10,2020-07-15 6:10,2020-07-15,6:10:33,51.4156852,-114.3268506,1118.75,34,15.5,0.8,9,GPS Schedule
2020-07-15 12:15,2020-07-15 6:15,2020-07-15,6:15:11,51.4156454,-114.326777,1123.56,12,15.5,0.8,9,GPS Schedule
2020-07-15 12:20,2020-07-15 6:20,2020-07-15,6:20:13,51.4156582,-114.3267888,1122.42,14,15,0.8,9,GPS Schedule
2020-07-15 12:24,2020-07-15 6:24,2020-07-15,6:24:59,51.4156417,-114.3268886,1111.09,0,15.5,1.4,8,GPS Schedule
2020-07-15 12:29,2020-07-15 6:29,2020-07-15,6:29:59,51.4149486,-114.3265337,1121.45,0,15.5,0.8,9,GPS Schedule
2020-07-15 12:35,2020-07-15 6:35,2020-07-15,6:35:02,51.4142287,-114.3263952,1121.4,3,15.5,0.8,9,GPS Schedule
2020-07-15 12:39,2020-07-15 6:39,2020-07-15,6:39:59,51.4142664,-114.3264941,1133.41,0,15,0.8,9,GPS Schedule
2020-07-15 12:44,2020-07-15 6:44,2020-07-15,6:44:59,51.4144741,-114.3263724,1145.67,0,15,1.4,7,GPS Schedule
2020-07-15 12:49,2020-07-15 6:49,2020-07-15,6:49:59,51.4145991,-114.3264284,1102.59,0,13.5,1.2,8,GPS Schedule
2020-07-15 12:54,2020-07-15 6:54,2020-07-15,6:54:59,51.4150406,-114.3263994,1136.31,0,13.5,1,9,GPS Schedule
2020-07-15 12:59,2020-07-15 6:59,2020-07-15,6:59:59,51.4161727,-114.3262169,1140.71,0,14,1,8,GPS Schedule
2020-07-15 13:04,2020-07-15 7:04,2020-07-15,7:04:59,51.415892,-114.3267582,1104.22,0,14,1,8,GPS Schedule
2020-07-15 13:09,2020-07-15 7:09,2020-07-15,7:09:59,51.4148248,-114.3263359,1145.24,0,14.5,1,9,GPS Schedule
2020-07-15 13:15,2020-07-15 7:15,2020-07-15,7:15:01,51.4145974,-114.3264076,1134.73,2,14.5,0.8,9,GPS Schedule
2020-07-15 13:19,2020-07-15 7:19,2020-07-15,7:19:59,51.4152838,-114.3263678,1135.19,0,14.5,1,8,GPS Schedule
2020-07-15 13:24,2020-07-15 7:24,2020-07-15,7:24:59,51.4143713,-114.3263176,1121.54,0,15,1.4,6,GPS Schedule
2020-07-15 13:29,2020-07-15 7:29,2020-07-15,7:29:59,51.4144276,-114.3269187,1156.19,0,15,1.2,7,GPS Schedule
2020-07-15 13:34,2020-07-15 7:34,2020-07-15,7:34:59,51.4147455,-114.3266189,1134.37,0,14.5,1,7,GPS Schedule
2020-07-15 13:40,2020-07-15 7:40,2020-07-15,7:40:00,51.4148498,-114.3263689,1132.79,1,15,2.4,4,GPS Schedule
2020-07-15 13:45,2020-07-15 7:45,2020-07-15,7:45:51,51.4142203,-114.3263669,1131.11,52,15.5,1.4,7,GPS Schedule
2020-07-15 13:50,2020-07-15 7:50,2020-07-15,7:50:02,51.4146728,-114.3263515,1131.87,3,15.5,1.4,7,GPS Schedule
2020-07-15 13:54,2020-07-15 7:54,2020-07-15,7:54:59,51.4156388,-114.3271078,1130.54,0,15.5,3,6,GPS Schedule
2020-07-15 14:00,2020-07-15 8:00,2020-07-15,8:00:03,51.4158295,-114.3266541,1128.96,4,15.5,1.4,7,GPS Schedule
2020-07-15 14:05,2020-07-15 8:05,2020-07-15,8:05:00,51.4160303,-114.3266204,1134.16,1,15.5,3,5,GPS Schedule
2020-07-15 14:09,2020-07-15 8:09,2020-07-15,8:09:59,51.4161592,-114.3262621,1139.35,0,15.5,3.2,5,GPS Schedule
2020-07-15 14:15,2020-07-15 8:15,2020-07-15,8:15:04,51.4162403,-114.326558,1132.14,5,15.5,1.4,7,GPS Schedule
